CREATE DEFINER=`root`@`localhost` PROCEDURE `m_reset`()
BEGIN
/*
 Navicat MySQL Data Transfer

 Source Server         : local
 Source Server Type    : MySQL
 Source Server Version : 80012
 Source Host           : localhost:3306
 Source Schema         : unity

 Target Server Type    : MySQL
 Target Server Version : 80012
 File Encoding         : 65001

 Date: 25/02/2019 12:32:21
*/

SET NAMES utf8mb4;
SET FOREIGN_KEY_CHECKS = 0;

-- ----------------------------
-- Table structure for option
-- ----------------------------
DROP TABLE IF EXISTS `option`;
CREATE TABLE `option`  (
  `topic_id` int(11) NOT NULL,
  `option_id` int(11) NOT NULL,
  `option` varchar(36) CHARACTER SET utf8mb4 COLLATE utf8mb4_unicode_520_ci NULL DEFAULT NULL,
  `votingContent` varchar(36) CHARACTER SET utf8mb4 COLLATE utf8mb4_unicode_520_ci NULL DEFAULT NULL,
  `flag1` int(10) NULL DEFAULT NULL,
  `flag2` int(10) NULL DEFAULT NULL,
  `flag3` int(10) NULL DEFAULT NULL,
  `flag4` int(10) NULL DEFAULT NULL,
  `user_id` varchar(45) CHARACTER SET utf8mb4 COLLATE utf8mb4_unicode_520_ci NULL DEFAULT NULL,
  `last_update` timestamp(0) NOT NULL DEFAULT CURRENT_TIMESTAMP,
  PRIMARY KEY (`option_id`, `topic_id`) USING BTREE,
  INDEX `option`(`option`) USING BTREE,
  INDEX `user_id`(`user_id`) USING BTREE,
  INDEX `topic_id,option_id`(`topic_id`, `option_id`) USING BTREE,
  INDEX `topic_id`(`topic_id`) USING BTREE,
  INDEX `option_id`(`option_id`) USING BTREE,
  CONSTRAINT `option_ibfk_1` FOREIGN KEY (`user_id`) REFERENCES `user` (`user_id`) ON DELETE RESTRICT ON UPDATE RESTRICT,
  CONSTRAINT `option_ibfk_2` FOREIGN KEY (`topic_id`) REFERENCES `topic` (`topic_id`) ON DELETE RESTRICT ON UPDATE RESTRICT
) ENGINE = InnoDB CHARACTER SET = utf8mb4 COLLATE = utf8mb4_unicode_520_ci ROW_FORMAT = Dynamic;

-- ----------------------------
-- Records of option
-- ----------------------------
INSERT INTO `option` VALUES (1, 3675, '1_0:-2_-2_0_2', 'topic1_optionRepeat0:-2_-2_0_2', -2, -2, 0, 2, 'user_a', '2019-02-22 20:41:26');
INSERT INTO `option` VALUES (1, 3676, '1_0:-2_-2_1_1', 'topic1_optionRepeat0:-2_-2_1_1', -2, -2, 1, 1, 'user_a', '2019-02-22 20:41:26');
INSERT INTO `option` VALUES (1, 3677, '1_0:-2_-2_2_0', 'topic1_optionRepeat0:-2_-2_2_0', -2, -2, 2, 0, 'user_a', '2019-02-22 20:41:26');
INSERT INTO `option` VALUES (1, 3678, '1_0:-2_-1_-1_2', 'topic1_optionRepeat0:-2_-1_-1_2', -2, -1, -1, 2, 'user_a', '2019-02-22 20:41:26');
INSERT INTO `option` VALUES (1, 3679, '1_0:-2_-1_2_-1', 'topic1_optionRepeat0:-2_-1_2_-1', -2, -1, 2, -1, 'user_a', '2019-02-22 20:41:26');
INSERT INTO `option` VALUES (1, 3680, '1_0:-2_0_-2_2', 'topic1_optionRepeat0:-2_0_-2_2', -2, 0, -2, 2, 'user_a', '2019-02-22 20:41:26');
INSERT INTO `option` VALUES (1, 3681, '1_0:-2_0_0_1', 'topic1_optionRepeat0:-2_0_0_1', -2, 0, 0, 1, 'user_a', '2019-02-22 20:41:26');
INSERT INTO `option` VALUES (1, 3682, '1_0:-2_0_1_0', 'topic1_optionRepeat0:-2_0_1_0', -2, 0, 1, 0, 'user_a', '2019-02-22 20:41:26');
INSERT INTO `option` VALUES (1, 3683, '1_0:-2_0_2_-2', 'topic1_optionRepeat0:-2_0_2_-2', -2, 0, 2, -2, 'user_a', '2019-02-22 20:41:26');
INSERT INTO `option` VALUES (1, 3684, '1_0:-2_1_-2_1', 'topic1_optionRepeat0:-2_1_-2_1', -2, 1, -2, 1, 'user_a', '2019-02-22 20:41:26');
INSERT INTO `option` VALUES (1, 3685, '1_0:-2_1_0_0', 'topic1_optionRepeat0:-2_1_0_0', -2, 1, 0, 0, 'user_a', '2019-02-22 20:41:26');
INSERT INTO `option` VALUES (1, 3686, '1_0:-2_1_1_-2', 'topic1_optionRepeat0:-2_1_1_-2', -2, 1, 1, -2, 'user_a', '2019-02-22 20:41:26');
INSERT INTO `option` VALUES (1, 3687, '1_0:-2_2_-2_0', 'topic1_optionRepeat0:-2_2_-2_0', -2, 2, -2, 0, 'user_a', '2019-02-22 20:41:26');
INSERT INTO `option` VALUES (1, 3688, '1_0:-2_2_-1_-1', 'topic1_optionRepeat0:-2_2_-1_-1', -2, 2, -1, -1, 'user_a', '2019-02-22 20:41:26');
INSERT INTO `option` VALUES (1, 3689, '1_0:-2_2_0_-2', 'topic1_optionRepeat0:-2_2_0_-2', -2, 2, 0, -2, 'user_a', '2019-02-22 20:41:26');
INSERT INTO `option` VALUES (1, 3690, '1_0:-1_-2_-1_2', 'topic1_optionRepeat0:-1_-2_-1_2', -1, -2, -1, 2, 'user_a', '2019-02-22 20:41:27');
INSERT INTO `option` VALUES (1, 3691, '1_0:-1_-2_2_-1', 'topic1_optionRepeat0:-1_-2_2_-1', -1, -2, 2, -1, 'user_a', '2019-02-22 20:41:27');
INSERT INTO `option` VALUES (1, 3692, '1_0:-1_-1_-2_2', 'topic1_optionRepeat0:-1_-1_-2_2', -1, -1, -2, 2, 'user_a', '2019-02-22 20:41:27');
INSERT INTO `option` VALUES (1, 3693, '1_0:-1_-1_0_1', 'topic1_optionRepeat0:-1_-1_0_1', -1, -1, 0, 1, 'user_a', '2019-02-22 20:41:27');
INSERT INTO `option` VALUES (1, 3694, '1_0:-1_-1_1_0', 'topic1_optionRepeat0:-1_-1_1_0', -1, -1, 1, 0, 'user_a', '2019-02-22 20:41:27');
INSERT INTO `option` VALUES (1, 3695, '1_0:-1_-1_2_-2', 'topic1_optionRepeat0:-1_-1_2_-2', -1, -1, 2, -2, 'user_a', '2019-02-22 20:41:27');
INSERT INTO `option` VALUES (1, 3696, '1_0:-1_0_-1_1', 'topic1_optionRepeat0:-1_0_-1_1', -1, 0, -1, 1, 'user_a', '2019-02-22 20:41:27');
INSERT INTO `option` VALUES (1, 3697, '1_0:-1_0_1_-1', 'topic1_optionRepeat0:-1_0_1_-1', -1, 0, 1, -1, 'user_a', '2019-02-22 20:41:27');
INSERT INTO `option` VALUES (1, 3698, '1_0:-1_1_-1_0', 'topic1_optionRepeat0:-1_1_-1_0', -1, 1, -1, 0, 'user_a', '2019-02-22 20:41:27');
INSERT INTO `option` VALUES (1, 3699, '1_0:-1_1_0_-1', 'topic1_optionRepeat0:-1_1_0_-1', -1, 1, 0, -1, 'user_a', '2019-02-22 20:41:27');
INSERT INTO `option` VALUES (1, 3700, '1_0:-1_2_-2_-1', 'topic1_optionRepeat0:-1_2_-2_-1', -1, 2, -2, -1, 'user_a', '2019-02-22 20:41:27');
INSERT INTO `option` VALUES (1, 3701, '1_0:-1_2_-1_-2', 'topic1_optionRepeat0:-1_2_-1_-2', -1, 2, -1, -2, 'user_a', '2019-02-22 20:41:27');
INSERT INTO `option` VALUES (1, 3702, '1_0:0_-2_-2_2', 'topic1_optionRepeat0:0_-2_-2_2', 0, -2, -2, 2, 'user_a', '2019-02-22 20:41:27');
INSERT INTO `option` VALUES (1, 3703, '1_0:0_-2_0_1', 'topic1_optionRepeat0:0_-2_0_1', 0, -2, 0, 1, 'user_a', '2019-02-22 20:41:27');
INSERT INTO `option` VALUES (1, 3704, '1_0:0_-2_1_0', 'topic1_optionRepeat0:0_-2_1_0', 0, -2, 1, 0, 'user_a', '2019-02-22 20:41:27');
INSERT INTO `option` VALUES (1, 3705, '1_0:0_-2_2_-2', 'topic1_optionRepeat0:0_-2_2_-2', 0, -2, 2, -2, 'user_a', '2019-02-22 20:41:27');
INSERT INTO `option` VALUES (1, 3706, '1_0:0_-1_-1_1', 'topic1_optionRepeat0:0_-1_-1_1', 0, -1, -1, 1, 'user_a', '2019-02-22 20:41:27');
INSERT INTO `option` VALUES (1, 3707, '1_0:0_-1_1_-1', 'topic1_optionRepeat0:0_-1_1_-1', 0, -1, 1, -1, 'user_a', '2019-02-22 20:41:27');
INSERT INTO `option` VALUES (1, 3708, '1_0:0_0_-2_1', 'topic1_optionRepeat0:0_0_-2_1', 0, 0, -2, 1, 'user_a', '2019-02-22 20:41:27');
INSERT INTO `option` VALUES (1, 3709, '1_0:0_0_1_-2', 'topic1_optionRepeat0:0_0_1_-2', 0, 0, 1, -2, 'user_a', '2019-02-22 20:41:27');
INSERT INTO `option` VALUES (1, 3710, '1_0:0_1_-2_0', 'topic1_optionRepeat0:0_1_-2_0', 0, 1, -2, 0, 'user_a', '2019-02-22 20:41:27');
INSERT INTO `option` VALUES (1, 3711, '1_0:0_1_-1_-1', 'topic1_optionRepeat0:0_1_-1_-1', 0, 1, -1, -1, 'user_a', '2019-02-22 20:41:27');
INSERT INTO `option` VALUES (1, 3712, '1_0:0_1_0_-2', 'topic1_optionRepeat0:0_1_0_-2', 0, 1, 0, -2, 'user_a', '2019-02-22 20:41:27');
INSERT INTO `option` VALUES (1, 3713, '1_0:0_2_-2_-2', 'topic1_optionRepeat0:0_2_-2_-2', 0, 2, -2, -2, 'user_a', '2019-02-22 20:41:27');
INSERT INTO `option` VALUES (1, 3714, '1_0:1_-2_-2_1', 'topic1_optionRepeat0:1_-2_-2_1', 1, -2, -2, 1, 'user_b', '2019-02-22 20:41:27');
INSERT INTO `option` VALUES (1, 3715, '1_0:1_-2_0_0', 'topic1_optionRepeat0:1_-2_0_0', 1, -2, 0, 0, 'user_b', '2019-02-22 20:41:27');
INSERT INTO `option` VALUES (1, 3716, '1_0:1_-2_1_-2', 'topic1_optionRepeat0:1_-2_1_-2', 1, -2, 1, -2, 'user_b', '2019-02-22 20:41:27');
INSERT INTO `option` VALUES (1, 3717, '1_0:1_-1_-1_0', 'topic1_optionRepeat0:1_-1_-1_0', 1, -1, -1, 0, 'user_b', '2019-02-22 20:41:27');
INSERT INTO `option` VALUES (1, 3718, '1_0:1_-1_0_-1', 'topic1_optionRepeat0:1_-1_0_-1', 1, -1, 0, -1, 'user_b', '2019-02-22 20:41:27');
INSERT INTO `option` VALUES (1, 3719, '1_0:1_0_-2_0', 'topic1_optionRepeat0:1_0_-2_0', 1, 0, -2, 0, 'user_b', '2019-02-22 20:41:27');
INSERT INTO `option` VALUES (1, 3720, '1_0:1_0_-1_-1', 'topic1_optionRepeat0:1_0_-1_-1', 1, 0, -1, -1, 'user_b', '2019-02-22 20:41:27');
INSERT INTO `option` VALUES (1, 3721, '1_0:1_0_0_-2', 'topic1_optionRepeat0:1_0_0_-2', 1, 0, 0, -2, 'user_b', '2019-02-22 20:41:27');
INSERT INTO `option` VALUES (1, 3722, '1_0:1_1_-2_-2', 'topic1_optionRepeat0:1_1_-2_-2', 1, 1, -2, -2, 'user_b', '2019-02-22 20:41:27');
INSERT INTO `option` VALUES (1, 3723, '1_0:2_-2_-2_0', 'topic1_optionRepeat0:2_-2_-2_0', 2, -2, -2, 0, 'user_b', '2019-02-22 20:41:27');
INSERT INTO `option` VALUES (1, 3724, '1_0:2_-2_-1_-1', 'topic1_optionRepeat0:2_-2_-1_-1', 2, -2, -1, -1, 'user_b', '2019-02-22 20:41:27');
INSERT INTO `option` VALUES (1, 3725, '1_0:2_-2_0_-2', 'topic1_optionRepeat0:2_-2_0_-2', 2, -2, 0, -2, 'user_b', '2019-02-22 20:41:27');
INSERT INTO `option` VALUES (1, 3726, '1_0:2_-1_-2_-1', 'topic1_optionRepeat0:2_-1_-2_-1', 2, -1, -2, -1, 'user_b', '2019-02-22 20:41:27');
INSERT INTO `option` VALUES (1, 3727, '1_0:2_-1_-1_-2', 'topic1_optionRepeat0:2_-1_-1_-2', 2, -1, -1, -2, 'user_b', '2019-02-22 20:41:27');
INSERT INTO `option` VALUES (1, 3728, '1_0:2_0_-2_-2', 'topic1_optionRepeat0:2_0_-2_-2', 2, 0, -2, -2, 'user_b', '2019-02-22 20:41:27');
INSERT INTO `option` VALUES (1, 3729, '1_1:-2_-2_0_2', 'topic1_optionRepeat1:-2_-2_0_2', -2, -2, 0, 2, 'user_b', '2019-02-22 20:41:27');
INSERT INTO `option` VALUES (1, 3730, '1_1:-2_-2_1_1', 'topic1_optionRepeat1:-2_-2_1_1', -2, -2, 1, 1, 'user_b', '2019-02-22 20:41:27');
INSERT INTO `option` VALUES (1, 3731, '1_1:-2_-2_2_0', 'topic1_optionRepeat1:-2_-2_2_0', -2, -2, 2, 0, 'user_b', '2019-02-22 20:41:27');
INSERT INTO `option` VALUES (1, 3732, '1_1:-2_-1_-1_2', 'topic1_optionRepeat1:-2_-1_-1_2', -2, -1, -1, 2, 'user_b', '2019-02-22 20:41:27');
INSERT INTO `option` VALUES (1, 3733, '1_1:-2_-1_2_-1', 'topic1_optionRepeat1:-2_-1_2_-1', -2, -1, 2, -1, 'user_b', '2019-02-22 20:41:27');
INSERT INTO `option` VALUES (1, 3734, '1_1:-2_0_-2_2', 'topic1_optionRepeat1:-2_0_-2_2', -2, 0, -2, 2, 'user_b', '2019-02-22 20:41:27');
INSERT INTO `option` VALUES (1, 3735, '1_1:-2_0_0_1', 'topic1_optionRepeat1:-2_0_0_1', -2, 0, 0, 1, 'user_b', '2019-02-22 20:41:27');
INSERT INTO `option` VALUES (1, 3736, '1_1:-2_0_1_0', 'topic1_optionRepeat1:-2_0_1_0', -2, 0, 1, 0, 'user_b', '2019-02-22 20:41:27');
INSERT INTO `option` VALUES (1, 3737, '1_1:-2_0_2_-2', 'topic1_optionRepeat1:-2_0_2_-2', -2, 0, 2, -2, 'user_b', '2019-02-22 20:41:27');
INSERT INTO `option` VALUES (1, 3738, '1_1:-2_1_-2_1', 'topic1_optionRepeat1:-2_1_-2_1', -2, 1, -2, 1, 'user_b', '2019-02-22 20:41:27');
INSERT INTO `option` VALUES (1, 3739, '1_1:-2_1_0_0', 'topic1_optionRepeat1:-2_1_0_0', -2, 1, 0, 0, 'user_b', '2019-02-22 20:41:27');
INSERT INTO `option` VALUES (1, 3740, '1_1:-2_1_1_-2', 'topic1_optionRepeat1:-2_1_1_-2', -2, 1, 1, -2, 'user_b', '2019-02-22 20:41:27');
INSERT INTO `option` VALUES (1, 3741, '1_1:-2_2_-2_0', 'topic1_optionRepeat1:-2_2_-2_0', -2, 2, -2, 0, 'user_b', '2019-02-22 20:41:27');
INSERT INTO `option` VALUES (1, 3742, '1_1:-2_2_-1_-1', 'topic1_optionRepeat1:-2_2_-1_-1', -2, 2, -1, -1, 'user_b', '2019-02-22 20:41:28');
INSERT INTO `option` VALUES (1, 3743, '1_1:-2_2_0_-2', 'topic1_optionRepeat1:-2_2_0_-2', -2, 2, 0, -2, 'user_b', '2019-02-22 20:41:28');
INSERT INTO `option` VALUES (1, 3744, '1_1:-1_-2_-1_2', 'topic1_optionRepeat1:-1_-2_-1_2', -1, -2, -1, 2, 'user_b', '2019-02-22 20:41:28');
INSERT INTO `option` VALUES (1, 3745, '1_1:-1_-2_2_-1', 'topic1_optionRepeat1:-1_-2_2_-1', -1, -2, 2, -1, 'user_b', '2019-02-22 20:41:28');
INSERT INTO `option` VALUES (1, 3746, '1_1:-1_-1_-2_2', 'topic1_optionRepeat1:-1_-1_-2_2', -1, -1, -2, 2, 'user_b', '2019-02-22 20:41:28');
INSERT INTO `option` VALUES (1, 3747, '1_1:-1_-1_0_1', 'topic1_optionRepeat1:-1_-1_0_1', -1, -1, 0, 1, 'user_b', '2019-02-22 20:41:28');
INSERT INTO `option` VALUES (1, 3748, '1_1:-1_-1_1_0', 'topic1_optionRepeat1:-1_-1_1_0', -1, -1, 1, 0, 'user_b', '2019-02-22 20:41:28');
INSERT INTO `option` VALUES (1, 3749, '1_1:-1_-1_2_-2', 'topic1_optionRepeat1:-1_-1_2_-2', -1, -1, 2, -2, 'user_b', '2019-02-22 20:41:28');
INSERT INTO `option` VALUES (1, 3750, '1_1:-1_0_-1_1', 'topic1_optionRepeat1:-1_0_-1_1', -1, 0, -1, 1, 'user_b', '2019-02-22 20:41:28');
INSERT INTO `option` VALUES (1, 3751, '1_1:-1_0_1_-1', 'topic1_optionRepeat1:-1_0_1_-1', -1, 0, 1, -1, 'user_b', '2019-02-22 20:41:28');
INSERT INTO `option` VALUES (1, 3752, '1_1:-1_1_-1_0', 'topic1_optionRepeat1:-1_1_-1_0', -1, 1, -1, 0, 'user_b', '2019-02-22 20:41:28');
INSERT INTO `option` VALUES (1, 3753, '1_1:-1_1_0_-1', 'topic1_optionRepeat1:-1_1_0_-1', -1, 1, 0, -1, 'user_b', '2019-02-22 20:41:28');
INSERT INTO `option` VALUES (1, 3754, '1_1:-1_2_-2_-1', 'topic1_optionRepeat1:-1_2_-2_-1', -1, 2, -2, -1, 'user_a', '2019-02-22 20:41:28');
INSERT INTO `option` VALUES (1, 3755, '1_1:-1_2_-1_-2', 'topic1_optionRepeat1:-1_2_-1_-2', -1, 2, -1, -2, 'user_a', '2019-02-22 20:41:28');
INSERT INTO `option` VALUES (1, 3756, '1_1:0_-2_-2_2', 'topic1_optionRepeat1:0_-2_-2_2', 0, -2, -2, 2, 'user_a', '2019-02-22 20:41:28');
INSERT INTO `option` VALUES (1, 3757, '1_1:0_-2_0_1', 'topic1_optionRepeat1:0_-2_0_1', 0, -2, 0, 1, 'user_a', '2019-02-22 20:41:28');
INSERT INTO `option` VALUES (1, 3758, '1_1:0_-2_1_0', 'topic1_optionRepeat1:0_-2_1_0', 0, -2, 1, 0, 'user_a', '2019-02-22 20:41:28');
INSERT INTO `option` VALUES (1, 3759, '1_1:0_-2_2_-2', 'topic1_optionRepeat1:0_-2_2_-2', 0, -2, 2, -2, 'user_a', '2019-02-22 20:41:28');
INSERT INTO `option` VALUES (1, 3760, '1_1:0_-1_-1_1', 'topic1_optionRepeat1:0_-1_-1_1', 0, -1, -1, 1, 'user_a', '2019-02-22 20:41:28');
INSERT INTO `option` VALUES (1, 3761, '1_1:0_-1_1_-1', 'topic1_optionRepeat1:0_-1_1_-1', 0, -1, 1, -1, 'user_a', '2019-02-22 20:41:28');
INSERT INTO `option` VALUES (1, 3762, '1_1:0_0_-2_1', 'topic1_optionRepeat1:0_0_-2_1', 0, 0, -2, 1, 'user_a', '2019-02-22 20:41:28');
INSERT INTO `option` VALUES (1, 3763, '1_1:0_0_1_-2', 'topic1_optionRepeat1:0_0_1_-2', 0, 0, 1, -2, 'user_a', '2019-02-22 20:41:28');
INSERT INTO `option` VALUES (1, 3764, '1_1:0_1_-2_0', 'topic1_optionRepeat1:0_1_-2_0', 0, 1, -2, 0, 'user_a', '2019-02-22 20:41:28');
INSERT INTO `option` VALUES (1, 3765, '1_1:0_1_-1_-1', 'topic1_optionRepeat1:0_1_-1_-1', 0, 1, -1, -1, 'user_a', '2019-02-22 20:41:28');
INSERT INTO `option` VALUES (1, 3766, '1_1:0_1_0_-2', 'topic1_optionRepeat1:0_1_0_-2', 0, 1, 0, -2, 'user_a', '2019-02-22 20:41:28');
INSERT INTO `option` VALUES (1, 3767, '1_1:0_2_-2_-2', 'topic1_optionRepeat1:0_2_-2_-2', 0, 2, -2, -2, 'user_a', '2019-02-22 20:41:28');
INSERT INTO `option` VALUES (1, 3768, '1_1:1_-2_-2_1', 'topic1_optionRepeat1:1_-2_-2_1', 1, -2, -2, 1, 'user_a', '2019-02-22 20:41:28');
INSERT INTO `option` VALUES (1, 3769, '1_1:1_-2_0_0', 'topic1_optionRepeat1:1_-2_0_0', 1, -2, 0, 0, 'user_a', '2019-02-22 20:41:28');
INSERT INTO `option` VALUES (1, 3770, '1_1:1_-2_1_-2', 'topic1_optionRepeat1:1_-2_1_-2', 1, -2, 1, -2, 'user_a', '2019-02-22 20:41:28');
INSERT INTO `option` VALUES (1, 3771, '1_1:1_-1_-1_0', 'topic1_optionRepeat1:1_-1_-1_0', 1, -1, -1, 0, 'user_a', '2019-02-22 20:41:28');
INSERT INTO `option` VALUES (1, 3772, '1_1:1_-1_0_-1', 'topic1_optionRepeat1:1_-1_0_-1', 1, -1, 0, -1, 'user_a', '2019-02-22 20:41:28');
INSERT INTO `option` VALUES (1, 3773, '1_1:1_0_-2_0', 'topic1_optionRepeat1:1_0_-2_0', 1, 0, -2, 0, 'user_a', '2019-02-22 20:41:28');
INSERT INTO `option` VALUES (1, 3774, '1_1:1_0_-1_-1', 'topic1_optionRepeat1:1_0_-1_-1', 1, 0, -1, -1, 'user_a', '2019-02-22 20:41:28');
INSERT INTO `option` VALUES (1, 3775, '1_1:1_0_0_-2', 'topic1_optionRepeat1:1_0_0_-2', 1, 0, 0, -2, 'user_a', '2019-02-22 20:41:28');
INSERT INTO `option` VALUES (1, 3776, '1_1:1_1_-2_-2', 'topic1_optionRepeat1:1_1_-2_-2', 1, 1, -2, -2, 'user_a', '2019-02-22 20:41:28');
INSERT INTO `option` VALUES (1, 3777, '1_1:2_-2_-2_0', 'topic1_optionRepeat1:2_-2_-2_0', 2, -2, -2, 0, 'user_a', '2019-02-22 20:41:28');
INSERT INTO `option` VALUES (1, 3778, '1_1:2_-2_-1_-1', 'topic1_optionRepeat1:2_-2_-1_-1', 2, -2, -1, -1, 'user_a', '2019-02-22 20:41:28');
INSERT INTO `option` VALUES (1, 3779, '1_1:2_-2_0_-2', 'topic1_optionRepeat1:2_-2_0_-2', 2, -2, 0, -2, 'user_a', '2019-02-22 20:41:28');
INSERT INTO `option` VALUES (1, 3780, '1_1:2_-1_-2_-1', 'topic1_optionRepeat1:2_-1_-2_-1', 2, -1, -2, -1, 'user_a', '2019-02-22 20:41:28');
INSERT INTO `option` VALUES (1, 3781, '1_1:2_-1_-1_-2', 'topic1_optionRepeat1:2_-1_-1_-2', 2, -1, -1, -2, 'user_a', '2019-02-22 20:41:28');
INSERT INTO `option` VALUES (1, 3782, '1_1:2_0_-2_-2', 'topic1_optionRepeat1:2_0_-2_-2', 2, 0, -2, -2, 'user_a', '2019-02-22 20:41:28');
INSERT INTO `option` VALUES (1, 3783, '1_2:-2_-2_0_2', 'topic1_optionRepeat2:-2_-2_0_2', -2, -2, 0, 2, 'user_a', '2019-02-22 20:41:28');
INSERT INTO `option` VALUES (1, 3784, '1_2:-2_-2_1_1', 'topic1_optionRepeat2:-2_-2_1_1', -2, -2, 1, 1, 'user_a', '2019-02-22 20:41:28');
INSERT INTO `option` VALUES (1, 3785, '1_2:-2_-2_2_0', 'topic1_optionRepeat2:-2_-2_2_0', -2, -2, 2, 0, 'user_a', '2019-02-22 20:41:28');
INSERT INTO `option` VALUES (1, 3786, '1_2:-2_-1_-1_2', 'topic1_optionRepeat2:-2_-1_-1_2', -2, -1, -1, 2, 'user_a', '2019-02-22 20:41:28');
INSERT INTO `option` VALUES (1, 3787, '1_2:-2_-1_2_-1', 'topic1_optionRepeat2:-2_-1_2_-1', -2, -1, 2, -1, 'user_a', '2019-02-22 20:41:28');
INSERT INTO `option` VALUES (1, 3788, '1_2:-2_0_-2_2', 'topic1_optionRepeat2:-2_0_-2_2', -2, 0, -2, 2, 'user_a', '2019-02-22 20:41:28');
INSERT INTO `option` VALUES (1, 3789, '1_2:-2_0_0_1', 'topic1_optionRepeat2:-2_0_0_1', -2, 0, 0, 1, 'user_a', '2019-02-22 20:41:28');
INSERT INTO `option` VALUES (1, 3790, '1_2:-2_0_1_0', 'topic1_optionRepeat2:-2_0_1_0', -2, 0, 1, 0, 'user_a', '2019-02-22 20:41:28');
INSERT INTO `option` VALUES (1, 3791, '1_2:-2_0_2_-2', 'topic1_optionRepeat2:-2_0_2_-2', -2, 0, 2, -2, 'user_a', '2019-02-22 20:41:28');
INSERT INTO `option` VALUES (1, 3792, '1_2:-2_1_-2_1', 'topic1_optionRepeat2:-2_1_-2_1', -2, 1, -2, 1, 'user_a', '2019-02-22 20:41:28');
INSERT INTO `option` VALUES (1, 3793, '1_2:-2_1_0_0', 'topic1_optionRepeat2:-2_1_0_0', -2, 1, 0, 0, 'user_a', '2019-02-22 20:41:28');
INSERT INTO `option` VALUES (1, 3794, '1_2:-2_1_1_-2', 'topic1_optionRepeat2:-2_1_1_-2', -2, 1, 1, -2, 'user_a', '2019-02-22 20:41:28');
INSERT INTO `option` VALUES (1, 3795, '1_2:-2_2_-2_0', 'topic1_optionRepeat2:-2_2_-2_0', -2, 2, -2, 0, 'user_a', '2019-02-22 20:41:28');
INSERT INTO `option` VALUES (1, 3796, '1_2:-2_2_-1_-1', 'topic1_optionRepeat2:-2_2_-1_-1', -2, 2, -1, -1, 'user_a', '2019-02-22 20:41:28');
INSERT INTO `option` VALUES (1, 3797, '1_2:-2_2_0_-2', 'topic1_optionRepeat2:-2_2_0_-2', -2, 2, 0, -2, 'user_b', '2019-02-22 20:41:28');
INSERT INTO `option` VALUES (1, 3798, '1_2:-1_-2_-1_2', 'topic1_optionRepeat2:-1_-2_-1_2', -1, -2, -1, 2, 'user_b', '2019-02-22 20:41:28');
INSERT INTO `option` VALUES (1, 3799, '1_2:-1_-2_2_-1', 'topic1_optionRepeat2:-1_-2_2_-1', -1, -2, 2, -1, 'user_b', '2019-02-22 20:41:28');
INSERT INTO `option` VALUES (1, 3800, '1_2:-1_-1_-2_2', 'topic1_optionRepeat2:-1_-1_-2_2', -1, -1, -2, 2, 'user_b', '2019-02-22 20:41:28');
INSERT INTO `option` VALUES (1, 3801, '1_2:-1_-1_0_1', 'topic1_optionRepeat2:-1_-1_0_1', -1, -1, 0, 1, 'user_b', '2019-02-22 20:41:28');
INSERT INTO `option` VALUES (1, 3802, '1_2:-1_-1_1_0', 'topic1_optionRepeat2:-1_-1_1_0', -1, -1, 1, 0, 'user_b', '2019-02-22 20:41:28');
INSERT INTO `option` VALUES (1, 3803, '1_2:-1_-1_2_-2', 'topic1_optionRepeat2:-1_-1_2_-2', -1, -1, 2, -2, 'user_b', '2019-02-22 20:41:28');
INSERT INTO `option` VALUES (1, 3804, '1_2:-1_0_-1_1', 'topic1_optionRepeat2:-1_0_-1_1', -1, 0, -1, 1, 'user_b', '2019-02-22 20:41:28');
INSERT INTO `option` VALUES (1, 3805, '1_2:-1_0_1_-1', 'topic1_optionRepeat2:-1_0_1_-1', -1, 0, 1, -1, 'user_b', '2019-02-22 20:41:28');
INSERT INTO `option` VALUES (1, 3806, '1_2:-1_1_-1_0', 'topic1_optionRepeat2:-1_1_-1_0', -1, 1, -1, 0, 'user_b', '2019-02-22 20:41:28');
INSERT INTO `option` VALUES (1, 3807, '1_2:-1_1_0_-1', 'topic1_optionRepeat2:-1_1_0_-1', -1, 1, 0, -1, 'user_b', '2019-02-22 20:41:28');
INSERT INTO `option` VALUES (1, 3808, '1_2:-1_2_-2_-1', 'topic1_optionRepeat2:-1_2_-2_-1', -1, 2, -2, -1, 'user_b', '2019-02-22 20:41:28');
INSERT INTO `option` VALUES (1, 3809, '1_2:-1_2_-1_-2', 'topic1_optionRepeat2:-1_2_-1_-2', -1, 2, -1, -2, 'user_b', '2019-02-22 20:41:28');
INSERT INTO `option` VALUES (1, 3810, '1_2:0_-2_-2_2', 'topic1_optionRepeat2:0_-2_-2_2', 0, -2, -2, 2, 'user_b', '2019-02-22 20:41:29');
INSERT INTO `option` VALUES (1, 3811, '1_2:0_-2_0_1', 'topic1_optionRepeat2:0_-2_0_1', 0, -2, 0, 1, 'user_b', '2019-02-22 20:41:29');
INSERT INTO `option` VALUES (1, 3812, '1_2:0_-2_1_0', 'topic1_optionRepeat2:0_-2_1_0', 0, -2, 1, 0, 'user_b', '2019-02-22 20:41:29');
INSERT INTO `option` VALUES (1, 3813, '1_2:0_-2_2_-2', 'topic1_optionRepeat2:0_-2_2_-2', 0, -2, 2, -2, 'user_b', '2019-02-22 20:41:29');
INSERT INTO `option` VALUES (1, 3814, '1_2:0_-1_-1_1', 'topic1_optionRepeat2:0_-1_-1_1', 0, -1, -1, 1, 'user_b', '2019-02-22 20:41:29');
INSERT INTO `option` VALUES (1, 3815, '1_2:0_-1_1_-1', 'topic1_optionRepeat2:0_-1_1_-1', 0, -1, 1, -1, 'user_b', '2019-02-22 20:41:29');
INSERT INTO `option` VALUES (1, 3816, '1_2:0_0_-2_1', 'topic1_optionRepeat2:0_0_-2_1', 0, 0, -2, 1, 'user_b', '2019-02-22 20:41:29');
INSERT INTO `option` VALUES (1, 3817, '1_2:0_0_1_-2', 'topic1_optionRepeat2:0_0_1_-2', 0, 0, 1, -2, 'user_b', '2019-02-22 20:41:29');
INSERT INTO `option` VALUES (1, 3818, '1_2:0_1_-2_0', 'topic1_optionRepeat2:0_1_-2_0', 0, 1, -2, 0, 'user_b', '2019-02-22 20:41:29');
INSERT INTO `option` VALUES (1, 3819, '1_2:0_1_-1_-1', 'topic1_optionRepeat2:0_1_-1_-1', 0, 1, -1, -1, 'user_b', '2019-02-22 20:41:29');
INSERT INTO `option` VALUES (1, 3820, '1_2:0_1_0_-2', 'topic1_optionRepeat2:0_1_0_-2', 0, 1, 0, -2, 'user_b', '2019-02-22 20:41:29');
INSERT INTO `option` VALUES (1, 3821, '1_2:0_2_-2_-2', 'topic1_optionRepeat2:0_2_-2_-2', 0, 2, -2, -2, 'user_b', '2019-02-22 20:41:29');
INSERT INTO `option` VALUES (1, 3822, '1_2:1_-2_-2_1', 'topic1_optionRepeat2:1_-2_-2_1', 1, -2, -2, 1, 'user_b', '2019-02-22 20:41:29');
INSERT INTO `option` VALUES (1, 3823, '1_2:1_-2_0_0', 'topic1_optionRepeat2:1_-2_0_0', 1, -2, 0, 0, 'user_b', '2019-02-22 20:41:29');
INSERT INTO `option` VALUES (1, 3824, '1_2:1_-2_1_-2', 'topic1_optionRepeat2:1_-2_1_-2', 1, -2, 1, -2, 'user_b', '2019-02-22 20:41:29');
INSERT INTO `option` VALUES (1, 3825, '1_2:1_-1_-1_0', 'topic1_optionRepeat2:1_-1_-1_0', 1, -1, -1, 0, 'user_b', '2019-02-22 20:41:29');
INSERT INTO `option` VALUES (1, 3826, '1_2:1_-1_0_-1', 'topic1_optionRepeat2:1_-1_0_-1', 1, -1, 0, -1, 'user_b', '2019-02-22 20:41:29');
INSERT INTO `option` VALUES (1, 3827, '1_2:1_0_-2_0', 'topic1_optionRepeat2:1_0_-2_0', 1, 0, -2, 0, 'user_b', '2019-02-22 20:41:29');
INSERT INTO `option` VALUES (1, 3828, '1_2:1_0_-1_-1', 'topic1_optionRepeat2:1_0_-1_-1', 1, 0, -1, -1, 'user_b', '2019-02-22 20:41:29');
INSERT INTO `option` VALUES (1, 3829, '1_2:1_0_0_-2', 'topic1_optionRepeat2:1_0_0_-2', 1, 0, 0, -2, 'user_b', '2019-02-22 20:41:29');
INSERT INTO `option` VALUES (1, 3830, '1_2:1_1_-2_-2', 'topic1_optionRepeat2:1_1_-2_-2', 1, 1, -2, -2, 'user_b', '2019-02-22 20:41:29');
INSERT INTO `option` VALUES (1, 3831, '1_2:2_-2_-2_0', 'topic1_optionRepeat2:2_-2_-2_0', 2, -2, -2, 0, 'user_b', '2019-02-22 20:41:29');
INSERT INTO `option` VALUES (1, 3832, '1_2:2_-2_-1_-1', 'topic1_optionRepeat2:2_-2_-1_-1', 2, -2, -1, -1, 'user_b', '2019-02-22 20:41:29');
INSERT INTO `option` VALUES (1, 3833, '1_2:2_-2_0_-2', 'topic1_optionRepeat2:2_-2_0_-2', 2, -2, 0, -2, 'user_b', '2019-02-22 20:41:29');
INSERT INTO `option` VALUES (1, 3834, '1_2:2_-1_-2_-1', 'topic1_optionRepeat2:2_-1_-2_-1', 2, -1, -2, -1, 'user_b', '2019-02-22 20:41:29');
INSERT INTO `option` VALUES (1, 3835, '1_2:2_-1_-1_-2', 'topic1_optionRepeat2:2_-1_-1_-2', 2, -1, -1, -2, 'user_b', '2019-02-22 20:41:29');
INSERT INTO `option` VALUES (1, 3836, '1_2:2_0_-2_-2', 'topic1_optionRepeat2:2_0_-2_-2', 2, 0, -2, -2, 'user_b', '2019-02-22 20:41:29');
INSERT INTO `option` VALUES (1, 3837, '1_3:-2_-2_0_2', 'topic1_optionRepeat3:-2_-2_0_2', -2, -2, 0, 2, 'user_b', '2019-02-22 20:41:29');
INSERT INTO `option` VALUES (1, 3838, '1_3:-2_-2_1_1', 'topic1_optionRepeat3:-2_-2_1_1', -2, -2, 1, 1, 'user_b', '2019-02-22 20:41:29');
INSERT INTO `option` VALUES (1, 3839, '1_3:-2_-2_2_0', 'topic1_optionRepeat3:-2_-2_2_0', -2, -2, 2, 0, 'user_a', '2019-02-22 20:41:29');
INSERT INTO `option` VALUES (1, 3840, '1_3:-2_-1_-1_2', 'topic1_optionRepeat3:-2_-1_-1_2', -2, -1, -1, 2, 'user_a', '2019-02-22 20:41:29');
INSERT INTO `option` VALUES (1, 3841, '1_3:-2_-1_2_-1', 'topic1_optionRepeat3:-2_-1_2_-1', -2, -1, 2, -1, 'user_a', '2019-02-22 20:41:29');
INSERT INTO `option` VALUES (1, 3842, '1_3:-2_0_-2_2', 'topic1_optionRepeat3:-2_0_-2_2', -2, 0, -2, 2, 'user_a', '2019-02-22 20:41:29');
INSERT INTO `option` VALUES (1, 3843, '1_3:-2_0_0_1', 'topic1_optionRepeat3:-2_0_0_1', -2, 0, 0, 1, 'user_a', '2019-02-22 20:41:29');
INSERT INTO `option` VALUES (1, 3844, '1_3:-2_0_1_0', 'topic1_optionRepeat3:-2_0_1_0', -2, 0, 1, 0, 'user_a', '2019-02-22 20:41:29');
INSERT INTO `option` VALUES (1, 3845, '1_3:-2_0_2_-2', 'topic1_optionRepeat3:-2_0_2_-2', -2, 0, 2, -2, 'user_a', '2019-02-22 20:41:29');
INSERT INTO `option` VALUES (1, 3846, '1_3:-2_1_-2_1', 'topic1_optionRepeat3:-2_1_-2_1', -2, 1, -2, 1, 'user_a', '2019-02-22 20:41:29');
INSERT INTO `option` VALUES (1, 3847, '1_3:-2_1_0_0', 'topic1_optionRepeat3:-2_1_0_0', -2, 1, 0, 0, 'user_a', '2019-02-22 20:41:29');
INSERT INTO `option` VALUES (1, 3848, '1_3:-2_1_1_-2', 'topic1_optionRepeat3:-2_1_1_-2', -2, 1, 1, -2, 'user_a', '2019-02-22 20:41:29');
INSERT INTO `option` VALUES (1, 3849, '1_3:-2_2_-2_0', 'topic1_optionRepeat3:-2_2_-2_0', -2, 2, -2, 0, 'user_a', '2019-02-22 20:41:29');
INSERT INTO `option` VALUES (1, 3850, '1_3:-2_2_-1_-1', 'topic1_optionRepeat3:-2_2_-1_-1', -2, 2, -1, -1, 'user_a', '2019-02-22 20:41:29');
INSERT INTO `option` VALUES (1, 3851, '1_3:-2_2_0_-2', 'topic1_optionRepeat3:-2_2_0_-2', -2, 2, 0, -2, 'user_a', '2019-02-22 20:41:29');
INSERT INTO `option` VALUES (1, 3852, '1_3:-1_-2_-1_2', 'topic1_optionRepeat3:-1_-2_-1_2', -1, -2, -1, 2, 'user_a', '2019-02-22 20:41:29');
INSERT INTO `option` VALUES (1, 3853, '1_3:-1_-2_2_-1', 'topic1_optionRepeat3:-1_-2_2_-1', -1, -2, 2, -1, 'user_a', '2019-02-22 20:41:29');
INSERT INTO `option` VALUES (1, 3854, '1_3:-1_-1_-2_2', 'topic1_optionRepeat3:-1_-1_-2_2', -1, -1, -2, 2, 'user_a', '2019-02-22 20:41:29');
INSERT INTO `option` VALUES (1, 3855, '1_3:-1_-1_0_1', 'topic1_optionRepeat3:-1_-1_0_1', -1, -1, 0, 1, 'user_a', '2019-02-22 20:41:29');
INSERT INTO `option` VALUES (1, 3856, '1_3:-1_-1_1_0', 'topic1_optionRepeat3:-1_-1_1_0', -1, -1, 1, 0, 'user_a', '2019-02-22 20:41:29');
INSERT INTO `option` VALUES (1, 3857, '1_3:-1_-1_2_-2', 'topic1_optionRepeat3:-1_-1_2_-2', -1, -1, 2, -2, 'user_a', '2019-02-22 20:41:29');
INSERT INTO `option` VALUES (1, 3858, '1_3:-1_0_-1_1', 'topic1_optionRepeat3:-1_0_-1_1', -1, 0, -1, 1, 'user_a', '2019-02-22 20:41:29');
INSERT INTO `option` VALUES (1, 3859, '1_3:-1_0_1_-1', 'topic1_optionRepeat3:-1_0_1_-1', -1, 0, 1, -1, 'user_a', '2019-02-22 20:41:29');
INSERT INTO `option` VALUES (1, 3860, '1_3:-1_1_-1_0', 'topic1_optionRepeat3:-1_1_-1_0', -1, 1, -1, 0, 'user_a', '2019-02-22 20:41:29');
INSERT INTO `option` VALUES (1, 3861, '1_3:-1_1_0_-1', 'topic1_optionRepeat3:-1_1_0_-1', -1, 1, 0, -1, 'user_a', '2019-02-22 20:41:29');
INSERT INTO `option` VALUES (1, 3862, '1_3:-1_2_-2_-1', 'topic1_optionRepeat3:-1_2_-2_-1', -1, 2, -2, -1, 'user_a', '2019-02-22 20:41:29');
INSERT INTO `option` VALUES (1, 3863, '1_3:-1_2_-1_-2', 'topic1_optionRepeat3:-1_2_-1_-2', -1, 2, -1, -2, 'user_a', '2019-02-22 20:41:29');
INSERT INTO `option` VALUES (1, 3864, '1_3:0_-2_-2_2', 'topic1_optionRepeat3:0_-2_-2_2', 0, -2, -2, 2, 'user_a', '2019-02-22 20:41:29');
INSERT INTO `option` VALUES (1, 3865, '1_3:0_-2_0_1', 'topic1_optionRepeat3:0_-2_0_1', 0, -2, 0, 1, 'user_a', '2019-02-22 20:41:29');
INSERT INTO `option` VALUES (1, 3866, '1_3:0_-2_1_0', 'topic1_optionRepeat3:0_-2_1_0', 0, -2, 1, 0, 'user_a', '2019-02-22 20:41:29');
INSERT INTO `option` VALUES (1, 3867, '1_3:0_-2_2_-2', 'topic1_optionRepeat3:0_-2_2_-2', 0, -2, 2, -2, 'user_a', '2019-02-22 20:41:29');
INSERT INTO `option` VALUES (1, 3868, '1_3:0_-1_-1_1', 'topic1_optionRepeat3:0_-1_-1_1', 0, -1, -1, 1, 'user_a', '2019-02-22 20:41:29');
INSERT INTO `option` VALUES (1, 3869, '1_3:0_-1_1_-1', 'topic1_optionRepeat3:0_-1_1_-1', 0, -1, 1, -1, 'user_a', '2019-02-22 20:41:29');
INSERT INTO `option` VALUES (1, 3870, '1_3:0_0_-2_1', 'topic1_optionRepeat3:0_0_-2_1', 0, 0, -2, 1, 'user_a', '2019-02-22 20:41:29');
INSERT INTO `option` VALUES (1, 3871, '1_3:0_0_1_-2', 'topic1_optionRepeat3:0_0_1_-2', 0, 0, 1, -2, 'user_a', '2019-02-22 20:41:29');
INSERT INTO `option` VALUES (1, 3872, '1_3:0_1_-2_0', 'topic1_optionRepeat3:0_1_-2_0', 0, 1, -2, 0, 'user_a', '2019-02-22 20:41:29');
INSERT INTO `option` VALUES (1, 3873, '1_3:0_1_-1_-1', 'topic1_optionRepeat3:0_1_-1_-1', 0, 1, -1, -1, 'user_a', '2019-02-22 20:41:29');
INSERT INTO `option` VALUES (1, 3874, '1_3:0_1_0_-2', 'topic1_optionRepeat3:0_1_0_-2', 0, 1, 0, -2, 'user_a', '2019-02-22 20:41:29');
INSERT INTO `option` VALUES (1, 3875, '1_3:0_2_-2_-2', 'topic1_optionRepeat3:0_2_-2_-2', 0, 2, -2, -2, 'user_a', '2019-02-22 20:41:29');
INSERT INTO `option` VALUES (1, 3876, '1_3:1_-2_-2_1', 'topic1_optionRepeat3:1_-2_-2_1', 1, -2, -2, 1, 'user_a', '2019-02-22 20:41:29');
INSERT INTO `option` VALUES (1, 3877, '1_3:1_-2_0_0', 'topic1_optionRepeat3:1_-2_0_0', 1, -2, 0, 0, 'user_a', '2019-02-22 20:41:29');
INSERT INTO `option` VALUES (1, 3878, '1_3:1_-2_1_-2', 'topic1_optionRepeat3:1_-2_1_-2', 1, -2, 1, -2, 'user_a', '2019-02-22 20:41:29');
INSERT INTO `option` VALUES (1, 3879, '1_3:1_-1_-1_0', 'topic1_optionRepeat3:1_-1_-1_0', 1, -1, -1, 0, 'user_b', '2019-02-22 20:41:29');
INSERT INTO `option` VALUES (1, 3880, '1_3:1_-1_0_-1', 'topic1_optionRepeat3:1_-1_0_-1', 1, -1, 0, -1, 'user_b', '2019-02-22 20:41:29');
INSERT INTO `option` VALUES (1, 3881, '1_3:1_0_-2_0', 'topic1_optionRepeat3:1_0_-2_0', 1, 0, -2, 0, 'user_b', '2019-02-22 20:41:29');
INSERT INTO `option` VALUES (1, 3882, '1_3:1_0_-1_-1', 'topic1_optionRepeat3:1_0_-1_-1', 1, 0, -1, -1, 'user_b', '2019-02-22 20:41:29');
INSERT INTO `option` VALUES (1, 3883, '1_3:1_0_0_-2', 'topic1_optionRepeat3:1_0_0_-2', 1, 0, 0, -2, 'user_b', '2019-02-22 20:41:29');
INSERT INTO `option` VALUES (1, 3884, '1_3:1_1_-2_-2', 'topic1_optionRepeat3:1_1_-2_-2', 1, 1, -2, -2, 'user_b', '2019-02-22 20:41:29');
INSERT INTO `option` VALUES (1, 3885, '1_3:2_-2_-2_0', 'topic1_optionRepeat3:2_-2_-2_0', 2, -2, -2, 0, 'user_b', '2019-02-22 20:41:29');
INSERT INTO `option` VALUES (1, 3886, '1_3:2_-2_-1_-1', 'topic1_optionRepeat3:2_-2_-1_-1', 2, -2, -1, -1, 'user_b', '2019-02-22 20:41:29');
INSERT INTO `option` VALUES (1, 3887, '1_3:2_-2_0_-2', 'topic1_optionRepeat3:2_-2_0_-2', 2, -2, 0, -2, 'user_b', '2019-02-22 20:41:29');
INSERT INTO `option` VALUES (1, 3888, '1_3:2_-1_-2_-1', 'topic1_optionRepeat3:2_-1_-2_-1', 2, -1, -2, -1, 'user_b', '2019-02-22 20:41:29');
INSERT INTO `option` VALUES (1, 3889, '1_3:2_-1_-1_-2', 'topic1_optionRepeat3:2_-1_-1_-2', 2, -1, -1, -2, 'user_b', '2019-02-22 20:41:29');
INSERT INTO `option` VALUES (1, 3890, '1_3:2_0_-2_-2', 'topic1_optionRepeat3:2_0_-2_-2', 2, 0, -2, -2, 'user_b', '2019-02-22 20:41:29');
INSERT INTO `option` VALUES (2, 3891, '2_0:-2_-2_0_2', 'topic2_optionRepeat0:-2_-2_0_2', -2, -2, 0, 2, 'user_b', '2019-02-22 20:41:29');
INSERT INTO `option` VALUES (2, 3892, '2_0:-2_-2_1_1', 'topic2_optionRepeat0:-2_-2_1_1', -2, -2, 1, 1, 'user_b', '2019-02-22 20:41:30');
INSERT INTO `option` VALUES (2, 3893, '2_0:-2_-2_2_0', 'topic2_optionRepeat0:-2_-2_2_0', -2, -2, 2, 0, 'user_b', '2019-02-22 20:41:30');
INSERT INTO `option` VALUES (2, 3894, '2_0:-2_-1_-1_2', 'topic2_optionRepeat0:-2_-1_-1_2', -2, -1, -1, 2, 'user_b', '2019-02-22 20:41:30');
INSERT INTO `option` VALUES (2, 3895, '2_0:-2_-1_2_-1', 'topic2_optionRepeat0:-2_-1_2_-1', -2, -1, 2, -1, 'user_b', '2019-02-22 20:41:30');
INSERT INTO `option` VALUES (2, 3896, '2_0:-2_0_-2_2', 'topic2_optionRepeat0:-2_0_-2_2', -2, 0, -2, 2, 'user_b', '2019-02-22 20:41:30');
INSERT INTO `option` VALUES (2, 3897, '2_0:-2_0_0_1', 'topic2_optionRepeat0:-2_0_0_1', -2, 0, 0, 1, 'user_b', '2019-02-22 20:41:30');
INSERT INTO `option` VALUES (2, 3898, '2_0:-2_0_1_0', 'topic2_optionRepeat0:-2_0_1_0', -2, 0, 1, 0, 'user_b', '2019-02-22 20:41:30');
INSERT INTO `option` VALUES (2, 3899, '2_0:-2_0_2_-2', 'topic2_optionRepeat0:-2_0_2_-2', -2, 0, 2, -2, 'user_b', '2019-02-22 20:41:30');
INSERT INTO `option` VALUES (2, 3900, '2_0:-2_1_-2_1', 'topic2_optionRepeat0:-2_1_-2_1', -2, 1, -2, 1, 'user_b', '2019-02-22 20:41:30');
INSERT INTO `option` VALUES (2, 3901, '2_0:-2_1_0_0', 'topic2_optionRepeat0:-2_1_0_0', -2, 1, 0, 0, 'user_b', '2019-02-22 20:41:30');
INSERT INTO `option` VALUES (2, 3902, '2_0:-2_1_1_-2', 'topic2_optionRepeat0:-2_1_1_-2', -2, 1, 1, -2, 'user_b', '2019-02-22 20:41:30');
INSERT INTO `option` VALUES (2, 3903, '2_0:-2_2_-2_0', 'topic2_optionRepeat0:-2_2_-2_0', -2, 2, -2, 0, 'user_b', '2019-02-22 20:41:30');
INSERT INTO `option` VALUES (2, 3904, '2_0:-2_2_-1_-1', 'topic2_optionRepeat0:-2_2_-1_-1', -2, 2, -1, -1, 'user_b', '2019-02-22 20:41:30');
INSERT INTO `option` VALUES (2, 3905, '2_0:-2_2_0_-2', 'topic2_optionRepeat0:-2_2_0_-2', -2, 2, 0, -2, 'user_b', '2019-02-22 20:41:30');
INSERT INTO `option` VALUES (2, 3906, '2_0:-1_-2_-1_2', 'topic2_optionRepeat0:-1_-2_-1_2', -1, -2, -1, 2, 'user_b', '2019-02-22 20:41:30');
INSERT INTO `option` VALUES (2, 3907, '2_0:-1_-2_2_-1', 'topic2_optionRepeat0:-1_-2_2_-1', -1, -2, 2, -1, 'user_b', '2019-02-22 20:41:30');
INSERT INTO `option` VALUES (2, 3908, '2_0:-1_-1_-2_2', 'topic2_optionRepeat0:-1_-1_-2_2', -1, -1, -2, 2, 'user_b', '2019-02-22 20:41:30');
INSERT INTO `option` VALUES (2, 3909, '2_0:-1_-1_0_1', 'topic2_optionRepeat0:-1_-1_0_1', -1, -1, 0, 1, 'user_b', '2019-02-22 20:41:30');
INSERT INTO `option` VALUES (2, 3910, '2_0:-1_-1_1_0', 'topic2_optionRepeat0:-1_-1_1_0', -1, -1, 1, 0, 'user_b', '2019-02-22 20:41:30');
INSERT INTO `option` VALUES (2, 3911, '2_0:-1_-1_2_-2', 'topic2_optionRepeat0:-1_-1_2_-2', -1, -1, 2, -2, 'user_b', '2019-02-22 20:41:30');
INSERT INTO `option` VALUES (2, 3912, '2_0:-1_0_-1_1', 'topic2_optionRepeat0:-1_0_-1_1', -1, 0, -1, 1, 'user_b', '2019-02-22 20:41:30');
INSERT INTO `option` VALUES (2, 3913, '2_0:-1_0_1_-1', 'topic2_optionRepeat0:-1_0_1_-1', -1, 0, 1, -1, 'user_b', '2019-02-22 20:41:30');
INSERT INTO `option` VALUES (2, 3914, '2_0:-1_1_-1_0', 'topic2_optionRepeat0:-1_1_-1_0', -1, 1, -1, 0, 'user_b', '2019-02-22 20:41:30');
INSERT INTO `option` VALUES (2, 3915, '2_0:-1_1_0_-1', 'topic2_optionRepeat0:-1_1_0_-1', -1, 1, 0, -1, 'user_b', '2019-02-22 20:41:30');
INSERT INTO `option` VALUES (2, 3916, '2_0:-1_2_-2_-1', 'topic2_optionRepeat0:-1_2_-2_-1', -1, 2, -2, -1, 'user_b', '2019-02-22 20:41:30');
INSERT INTO `option` VALUES (2, 3917, '2_0:-1_2_-1_-2', 'topic2_optionRepeat0:-1_2_-1_-2', -1, 2, -1, -2, 'user_b', '2019-02-22 20:41:30');
INSERT INTO `option` VALUES (2, 3918, '2_0:0_-2_-2_2', 'topic2_optionRepeat0:0_-2_-2_2', 0, -2, -2, 2, 'user_b', '2019-02-22 20:41:30');
INSERT INTO `option` VALUES (2, 3919, '2_0:0_-2_0_1', 'topic2_optionRepeat0:0_-2_0_1', 0, -2, 0, 1, 'user_a', '2019-02-22 20:41:30');
INSERT INTO `option` VALUES (2, 3920, '2_0:0_-2_1_0', 'topic2_optionRepeat0:0_-2_1_0', 0, -2, 1, 0, 'user_a', '2019-02-22 20:41:30');
INSERT INTO `option` VALUES (2, 3921, '2_0:0_-2_2_-2', 'topic2_optionRepeat0:0_-2_2_-2', 0, -2, 2, -2, 'user_a', '2019-02-22 20:41:30');
INSERT INTO `option` VALUES (2, 3922, '2_0:0_-1_-1_1', 'topic2_optionRepeat0:0_-1_-1_1', 0, -1, -1, 1, 'user_a', '2019-02-22 20:41:30');
INSERT INTO `option` VALUES (2, 3923, '2_0:0_-1_1_-1', 'topic2_optionRepeat0:0_-1_1_-1', 0, -1, 1, -1, 'user_a', '2019-02-22 20:41:30');
INSERT INTO `option` VALUES (2, 3924, '2_0:0_0_-2_1', 'topic2_optionRepeat0:0_0_-2_1', 0, 0, -2, 1, 'user_a', '2019-02-22 20:41:30');
INSERT INTO `option` VALUES (2, 3925, '2_0:0_0_1_-2', 'topic2_optionRepeat0:0_0_1_-2', 0, 0, 1, -2, 'user_a', '2019-02-22 20:41:30');
INSERT INTO `option` VALUES (2, 3926, '2_0:0_1_-2_0', 'topic2_optionRepeat0:0_1_-2_0', 0, 1, -2, 0, 'user_a', '2019-02-22 20:41:30');
INSERT INTO `option` VALUES (2, 3927, '2_0:0_1_-1_-1', 'topic2_optionRepeat0:0_1_-1_-1', 0, 1, -1, -1, 'user_a', '2019-02-22 20:41:30');
INSERT INTO `option` VALUES (2, 3928, '2_0:0_1_0_-2', 'topic2_optionRepeat0:0_1_0_-2', 0, 1, 0, -2, 'user_a', '2019-02-22 20:41:30');
INSERT INTO `option` VALUES (2, 3929, '2_0:0_2_-2_-2', 'topic2_optionRepeat0:0_2_-2_-2', 0, 2, -2, -2, 'user_a', '2019-02-22 20:41:30');
INSERT INTO `option` VALUES (2, 3930, '2_0:1_-2_-2_1', 'topic2_optionRepeat0:1_-2_-2_1', 1, -2, -2, 1, 'user_a', '2019-02-22 20:41:30');
INSERT INTO `option` VALUES (2, 3931, '2_0:1_-2_0_0', 'topic2_optionRepeat0:1_-2_0_0', 1, -2, 0, 0, 'user_a', '2019-02-22 20:41:30');
INSERT INTO `option` VALUES (2, 3932, '2_0:1_-2_1_-2', 'topic2_optionRepeat0:1_-2_1_-2', 1, -2, 1, -2, 'user_a', '2019-02-22 20:41:30');
INSERT INTO `option` VALUES (2, 3933, '2_0:1_-1_-1_0', 'topic2_optionRepeat0:1_-1_-1_0', 1, -1, -1, 0, 'user_a', '2019-02-22 20:41:30');
INSERT INTO `option` VALUES (2, 3934, '2_0:1_-1_0_-1', 'topic2_optionRepeat0:1_-1_0_-1', 1, -1, 0, -1, 'user_a', '2019-02-22 20:41:30');
INSERT INTO `option` VALUES (2, 3935, '2_0:1_0_-2_0', 'topic2_optionRepeat0:1_0_-2_0', 1, 0, -2, 0, 'user_a', '2019-02-22 20:41:30');
INSERT INTO `option` VALUES (2, 3936, '2_0:1_0_-1_-1', 'topic2_optionRepeat0:1_0_-1_-1', 1, 0, -1, -1, 'user_a', '2019-02-22 20:41:30');
INSERT INTO `option` VALUES (2, 3937, '2_0:1_0_0_-2', 'topic2_optionRepeat0:1_0_0_-2', 1, 0, 0, -2, 'user_a', '2019-02-22 20:41:30');
INSERT INTO `option` VALUES (2, 3938, '2_0:1_1_-2_-2', 'topic2_optionRepeat0:1_1_-2_-2', 1, 1, -2, -2, 'user_a', '2019-02-22 20:41:30');
INSERT INTO `option` VALUES (2, 3939, '2_0:2_-2_-2_0', 'topic2_optionRepeat0:2_-2_-2_0', 2, -2, -2, 0, 'user_a', '2019-02-22 20:41:30');
INSERT INTO `option` VALUES (2, 3940, '2_0:2_-2_-1_-1', 'topic2_optionRepeat0:2_-2_-1_-1', 2, -2, -1, -1, 'user_a', '2019-02-22 20:41:30');
INSERT INTO `option` VALUES (2, 3941, '2_0:2_-2_0_-2', 'topic2_optionRepeat0:2_-2_0_-2', 2, -2, 0, -2, 'user_a', '2019-02-22 20:41:30');
INSERT INTO `option` VALUES (2, 3942, '2_0:2_-1_-2_-1', 'topic2_optionRepeat0:2_-1_-2_-1', 2, -1, -2, -1, 'user_a', '2019-02-22 20:41:30');
INSERT INTO `option` VALUES (2, 3943, '2_0:2_-1_-1_-2', 'topic2_optionRepeat0:2_-1_-1_-2', 2, -1, -1, -2, 'user_a', '2019-02-22 20:41:30');
INSERT INTO `option` VALUES (2, 3944, '2_0:2_0_-2_-2', 'topic2_optionRepeat0:2_0_-2_-2', 2, 0, -2, -2, 'user_a', '2019-02-22 20:41:30');
INSERT INTO `option` VALUES (2, 3945, '2_1:-2_-2_0_2', 'topic2_optionRepeat1:-2_-2_0_2', -2, -2, 0, 2, 'user_a', '2019-02-22 20:41:30');
INSERT INTO `option` VALUES (2, 3946, '2_1:-2_-2_1_1', 'topic2_optionRepeat1:-2_-2_1_1', -2, -2, 1, 1, 'user_a', '2019-02-22 20:41:30');
INSERT INTO `option` VALUES (2, 3947, '2_1:-2_-2_2_0', 'topic2_optionRepeat1:-2_-2_2_0', -2, -2, 2, 0, 'user_a', '2019-02-22 20:41:30');
INSERT INTO `option` VALUES (2, 3948, '2_1:-2_-1_-1_2', 'topic2_optionRepeat1:-2_-1_-1_2', -2, -1, -1, 2, 'user_a', '2019-02-22 20:41:30');
INSERT INTO `option` VALUES (2, 3949, '2_1:-2_-1_2_-1', 'topic2_optionRepeat1:-2_-1_2_-1', -2, -1, 2, -1, 'user_a', '2019-02-22 20:41:30');
INSERT INTO `option` VALUES (2, 3950, '2_1:-2_0_-2_2', 'topic2_optionRepeat1:-2_0_-2_2', -2, 0, -2, 2, 'user_a', '2019-02-22 20:41:30');
INSERT INTO `option` VALUES (2, 3951, '2_1:-2_0_0_1', 'topic2_optionRepeat1:-2_0_0_1', -2, 0, 0, 1, 'user_a', '2019-02-22 20:41:30');
INSERT INTO `option` VALUES (2, 3952, '2_1:-2_0_1_0', 'topic2_optionRepeat1:-2_0_1_0', -2, 0, 1, 0, 'user_a', '2019-02-22 20:41:30');
INSERT INTO `option` VALUES (2, 3953, '2_1:-2_0_2_-2', 'topic2_optionRepeat1:-2_0_2_-2', -2, 0, 2, -2, 'user_a', '2019-02-22 20:41:30');
INSERT INTO `option` VALUES (2, 3954, '2_1:-2_1_-2_1', 'topic2_optionRepeat1:-2_1_-2_1', -2, 1, -2, 1, 'user_a', '2019-02-22 20:41:30');
INSERT INTO `option` VALUES (2, 3955, '2_1:-2_1_0_0', 'topic2_optionRepeat1:-2_1_0_0', -2, 1, 0, 0, 'user_a', '2019-02-22 20:41:30');
INSERT INTO `option` VALUES (2, 3956, '2_1:-2_1_1_-2', 'topic2_optionRepeat1:-2_1_1_-2', -2, 1, 1, -2, 'user_a', '2019-02-22 20:41:30');
INSERT INTO `option` VALUES (2, 3957, '2_1:-2_2_-2_0', 'topic2_optionRepeat1:-2_2_-2_0', -2, 2, -2, 0, 'user_a', '2019-02-22 20:41:30');
INSERT INTO `option` VALUES (2, 3958, '2_1:-2_2_-1_-1', 'topic2_optionRepeat1:-2_2_-1_-1', -2, 2, -1, -1, 'user_a', '2019-02-22 20:41:30');
INSERT INTO `option` VALUES (2, 3959, '2_1:-2_2_0_-2', 'topic2_optionRepeat1:-2_2_0_-2', -2, 2, 0, -2, 'user_a', '2019-02-22 20:41:30');
INSERT INTO `option` VALUES (2, 3960, '2_1:-1_-2_-1_2', 'topic2_optionRepeat1:-1_-2_-1_2', -1, -2, -1, 2, 'user_b', '2019-02-22 20:41:30');
INSERT INTO `option` VALUES (2, 3961, '2_1:-1_-2_2_-1', 'topic2_optionRepeat1:-1_-2_2_-1', -1, -2, 2, -1, 'user_b', '2019-02-22 20:41:30');
INSERT INTO `option` VALUES (2, 3962, '2_1:-1_-1_-2_2', 'topic2_optionRepeat1:-1_-1_-2_2', -1, -1, -2, 2, 'user_b', '2019-02-22 20:41:30');
INSERT INTO `option` VALUES (2, 3963, '2_1:-1_-1_0_1', 'topic2_optionRepeat1:-1_-1_0_1', -1, -1, 0, 1, 'user_b', '2019-02-22 20:41:30');
INSERT INTO `option` VALUES (2, 3964, '2_1:-1_-1_1_0', 'topic2_optionRepeat1:-1_-1_1_0', -1, -1, 1, 0, 'user_b', '2019-02-22 20:41:30');
INSERT INTO `option` VALUES (2, 3965, '2_1:-1_-1_2_-2', 'topic2_optionRepeat1:-1_-1_2_-2', -1, -1, 2, -2, 'user_b', '2019-02-22 20:41:30');
INSERT INTO `option` VALUES (2, 3966, '2_1:-1_0_-1_1', 'topic2_optionRepeat1:-1_0_-1_1', -1, 0, -1, 1, 'user_b', '2019-02-22 20:41:30');
INSERT INTO `option` VALUES (2, 3967, '2_1:-1_0_1_-1', 'topic2_optionRepeat1:-1_0_1_-1', -1, 0, 1, -1, 'user_b', '2019-02-22 20:41:30');
INSERT INTO `option` VALUES (2, 3968, '2_1:-1_1_-1_0', 'topic2_optionRepeat1:-1_1_-1_0', -1, 1, -1, 0, 'user_b', '2019-02-22 20:41:30');
INSERT INTO `option` VALUES (2, 3969, '2_1:-1_1_0_-1', 'topic2_optionRepeat1:-1_1_0_-1', -1, 1, 0, -1, 'user_b', '2019-02-22 20:41:30');
INSERT INTO `option` VALUES (2, 3970, '2_1:-1_2_-2_-1', 'topic2_optionRepeat1:-1_2_-2_-1', -1, 2, -2, -1, 'user_b', '2019-02-22 20:41:30');
INSERT INTO `option` VALUES (2, 3971, '2_1:-1_2_-1_-2', 'topic2_optionRepeat1:-1_2_-1_-2', -1, 2, -1, -2, 'user_b', '2019-02-22 20:41:30');
INSERT INTO `option` VALUES (2, 3972, '2_1:0_-2_-2_2', 'topic2_optionRepeat1:0_-2_-2_2', 0, -2, -2, 2, 'user_b', '2019-02-22 20:41:30');
INSERT INTO `option` VALUES (2, 3973, '2_1:0_-2_0_1', 'topic2_optionRepeat1:0_-2_0_1', 0, -2, 0, 1, 'user_b', '2019-02-22 20:41:30');
INSERT INTO `option` VALUES (2, 3974, '2_1:0_-2_1_0', 'topic2_optionRepeat1:0_-2_1_0', 0, -2, 1, 0, 'user_b', '2019-02-22 20:41:30');
INSERT INTO `option` VALUES (2, 3975, '2_1:0_-2_2_-2', 'topic2_optionRepeat1:0_-2_2_-2', 0, -2, 2, -2, 'user_b', '2019-02-22 20:41:30');
INSERT INTO `option` VALUES (2, 3976, '2_1:0_-1_-1_1', 'topic2_optionRepeat1:0_-1_-1_1', 0, -1, -1, 1, 'user_b', '2019-02-22 20:41:30');
INSERT INTO `option` VALUES (2, 3977, '2_1:0_-1_1_-1', 'topic2_optionRepeat1:0_-1_1_-1', 0, -1, 1, -1, 'user_b', '2019-02-22 20:41:30');
INSERT INTO `option` VALUES (2, 3978, '2_1:0_0_-2_1', 'topic2_optionRepeat1:0_0_-2_1', 0, 0, -2, 1, 'user_b', '2019-02-22 20:41:30');
INSERT INTO `option` VALUES (2, 3979, '2_1:0_0_1_-2', 'topic2_optionRepeat1:0_0_1_-2', 0, 0, 1, -2, 'user_b', '2019-02-22 20:41:31');
INSERT INTO `option` VALUES (2, 3980, '2_1:0_1_-2_0', 'topic2_optionRepeat1:0_1_-2_0', 0, 1, -2, 0, 'user_b', '2019-02-22 20:41:31');
INSERT INTO `option` VALUES (2, 3981, '2_1:0_1_-1_-1', 'topic2_optionRepeat1:0_1_-1_-1', 0, 1, -1, -1, 'user_b', '2019-02-22 20:41:31');
INSERT INTO `option` VALUES (2, 3982, '2_1:0_1_0_-2', 'topic2_optionRepeat1:0_1_0_-2', 0, 1, 0, -2, 'user_b', '2019-02-22 20:41:31');
INSERT INTO `option` VALUES (2, 3983, '2_1:0_2_-2_-2', 'topic2_optionRepeat1:0_2_-2_-2', 0, 2, -2, -2, 'user_b', '2019-02-22 20:41:31');
INSERT INTO `option` VALUES (2, 3984, '2_1:1_-2_-2_1', 'topic2_optionRepeat1:1_-2_-2_1', 1, -2, -2, 1, 'user_b', '2019-02-22 20:41:31');
INSERT INTO `option` VALUES (2, 3985, '2_1:1_-2_0_0', 'topic2_optionRepeat1:1_-2_0_0', 1, -2, 0, 0, 'user_b', '2019-02-22 20:41:31');
INSERT INTO `option` VALUES (2, 3986, '2_1:1_-2_1_-2', 'topic2_optionRepeat1:1_-2_1_-2', 1, -2, 1, -2, 'user_b', '2019-02-22 20:41:31');
INSERT INTO `option` VALUES (2, 3987, '2_1:1_-1_-1_0', 'topic2_optionRepeat1:1_-1_-1_0', 1, -1, -1, 0, 'user_b', '2019-02-22 20:41:31');
INSERT INTO `option` VALUES (2, 3988, '2_1:1_-1_0_-1', 'topic2_optionRepeat1:1_-1_0_-1', 1, -1, 0, -1, 'user_b', '2019-02-22 20:41:31');
INSERT INTO `option` VALUES (2, 3989, '2_1:1_0_-2_0', 'topic2_optionRepeat1:1_0_-2_0', 1, 0, -2, 0, 'user_b', '2019-02-22 20:41:31');
INSERT INTO `option` VALUES (2, 3990, '2_1:1_0_-1_-1', 'topic2_optionRepeat1:1_0_-1_-1', 1, 0, -1, -1, 'user_b', '2019-02-22 20:41:31');
INSERT INTO `option` VALUES (2, 3991, '2_1:1_0_0_-2', 'topic2_optionRepeat1:1_0_0_-2', 1, 0, 0, -2, 'user_b', '2019-02-22 20:41:31');
INSERT INTO `option` VALUES (2, 3992, '2_1:1_1_-2_-2', 'topic2_optionRepeat1:1_1_-2_-2', 1, 1, -2, -2, 'user_b', '2019-02-22 20:41:31');
INSERT INTO `option` VALUES (2, 3993, '2_1:2_-2_-2_0', 'topic2_optionRepeat1:2_-2_-2_0', 2, -2, -2, 0, 'user_b', '2019-02-22 20:41:31');
INSERT INTO `option` VALUES (2, 3994, '2_1:2_-2_-1_-1', 'topic2_optionRepeat1:2_-2_-1_-1', 2, -2, -1, -1, 'user_b', '2019-02-22 20:41:31');
INSERT INTO `option` VALUES (2, 3995, '2_1:2_-2_0_-2', 'topic2_optionRepeat1:2_-2_0_-2', 2, -2, 0, -2, 'user_a', '2019-02-22 20:41:31');
INSERT INTO `option` VALUES (2, 3996, '2_1:2_-1_-2_-1', 'topic2_optionRepeat1:2_-1_-2_-1', 2, -1, -2, -1, 'user_a', '2019-02-22 20:41:31');
INSERT INTO `option` VALUES (2, 3997, '2_1:2_-1_-1_-2', 'topic2_optionRepeat1:2_-1_-1_-2', 2, -1, -1, -2, 'user_a', '2019-02-22 20:41:31');
INSERT INTO `option` VALUES (2, 3998, '2_1:2_0_-2_-2', 'topic2_optionRepeat1:2_0_-2_-2', 2, 0, -2, -2, 'user_a', '2019-02-22 20:41:31');
INSERT INTO `option` VALUES (2, 3999, '2_2:-2_-2_0_2', 'topic2_optionRepeat2:-2_-2_0_2', -2, -2, 0, 2, 'user_a', '2019-02-22 20:41:31');
INSERT INTO `option` VALUES (2, 4000, '2_2:-2_-2_1_1', 'topic2_optionRepeat2:-2_-2_1_1', -2, -2, 1, 1, 'user_a', '2019-02-22 20:41:31');
INSERT INTO `option` VALUES (2, 4001, '2_2:-2_-2_2_0', 'topic2_optionRepeat2:-2_-2_2_0', -2, -2, 2, 0, 'user_a', '2019-02-22 20:41:31');
INSERT INTO `option` VALUES (2, 4002, '2_2:-2_-1_-1_2', 'topic2_optionRepeat2:-2_-1_-1_2', -2, -1, -1, 2, 'user_a', '2019-02-22 20:41:31');
INSERT INTO `option` VALUES (2, 4003, '2_2:-2_-1_2_-1', 'topic2_optionRepeat2:-2_-1_2_-1', -2, -1, 2, -1, 'user_a', '2019-02-22 20:41:31');
INSERT INTO `option` VALUES (2, 4004, '2_2:-2_0_-2_2', 'topic2_optionRepeat2:-2_0_-2_2', -2, 0, -2, 2, 'user_a', '2019-02-22 20:41:31');
INSERT INTO `option` VALUES (2, 4005, '2_2:-2_0_0_1', 'topic2_optionRepeat2:-2_0_0_1', -2, 0, 0, 1, 'user_a', '2019-02-22 20:41:31');
INSERT INTO `option` VALUES (2, 4006, '2_2:-2_0_1_0', 'topic2_optionRepeat2:-2_0_1_0', -2, 0, 1, 0, 'user_a', '2019-02-22 20:41:31');
INSERT INTO `option` VALUES (2, 4007, '2_2:-2_0_2_-2', 'topic2_optionRepeat2:-2_0_2_-2', -2, 0, 2, -2, 'user_a', '2019-02-22 20:41:31');
INSERT INTO `option` VALUES (2, 4008, '2_2:-2_1_-2_1', 'topic2_optionRepeat2:-2_1_-2_1', -2, 1, -2, 1, 'user_a', '2019-02-22 20:41:31');
INSERT INTO `option` VALUES (2, 4009, '2_2:-2_1_0_0', 'topic2_optionRepeat2:-2_1_0_0', -2, 1, 0, 0, 'user_a', '2019-02-22 20:41:31');
INSERT INTO `option` VALUES (2, 4010, '2_2:-2_1_1_-2', 'topic2_optionRepeat2:-2_1_1_-2', -2, 1, 1, -2, 'user_a', '2019-02-22 20:41:31');
INSERT INTO `option` VALUES (2, 4011, '2_2:-2_2_-2_0', 'topic2_optionRepeat2:-2_2_-2_0', -2, 2, -2, 0, 'user_a', '2019-02-22 20:41:31');
INSERT INTO `option` VALUES (2, 4012, '2_2:-2_2_-1_-1', 'topic2_optionRepeat2:-2_2_-1_-1', -2, 2, -1, -1, 'user_a', '2019-02-22 20:41:31');
INSERT INTO `option` VALUES (2, 4013, '2_2:-2_2_0_-2', 'topic2_optionRepeat2:-2_2_0_-2', -2, 2, 0, -2, 'user_a', '2019-02-22 20:41:31');
INSERT INTO `option` VALUES (2, 4014, '2_2:-1_-2_-1_2', 'topic2_optionRepeat2:-1_-2_-1_2', -1, -2, -1, 2, 'user_a', '2019-02-22 20:41:31');
INSERT INTO `option` VALUES (2, 4015, '2_2:-1_-2_2_-1', 'topic2_optionRepeat2:-1_-2_2_-1', -1, -2, 2, -1, 'user_a', '2019-02-22 20:41:31');
INSERT INTO `option` VALUES (2, 4016, '2_2:-1_-1_-2_2', 'topic2_optionRepeat2:-1_-1_-2_2', -1, -1, -2, 2, 'user_a', '2019-02-22 20:41:31');
INSERT INTO `option` VALUES (2, 4017, '2_2:-1_-1_0_1', 'topic2_optionRepeat2:-1_-1_0_1', -1, -1, 0, 1, 'user_a', '2019-02-22 20:41:31');
INSERT INTO `option` VALUES (2, 4018, '2_2:-1_-1_1_0', 'topic2_optionRepeat2:-1_-1_1_0', -1, -1, 1, 0, 'user_a', '2019-02-22 20:41:31');
INSERT INTO `option` VALUES (2, 4019, '2_2:-1_-1_2_-2', 'topic2_optionRepeat2:-1_-1_2_-2', -1, -1, 2, -2, 'user_a', '2019-02-22 20:41:31');
INSERT INTO `option` VALUES (2, 4020, '2_2:-1_0_-1_1', 'topic2_optionRepeat2:-1_0_-1_1', -1, 0, -1, 1, 'user_a', '2019-02-22 20:41:31');
INSERT INTO `option` VALUES (2, 4021, '2_2:-1_0_1_-1', 'topic2_optionRepeat2:-1_0_1_-1', -1, 0, 1, -1, 'user_a', '2019-02-22 20:41:31');
INSERT INTO `option` VALUES (2, 4022, '2_2:-1_1_-1_0', 'topic2_optionRepeat2:-1_1_-1_0', -1, 1, -1, 0, 'user_a', '2019-02-22 20:41:31');
INSERT INTO `option` VALUES (2, 4023, '2_2:-1_1_0_-1', 'topic2_optionRepeat2:-1_1_0_-1', -1, 1, 0, -1, 'user_a', '2019-02-22 20:41:31');
INSERT INTO `option` VALUES (2, 4024, '2_2:-1_2_-2_-1', 'topic2_optionRepeat2:-1_2_-2_-1', -1, 2, -2, -1, 'user_a', '2019-02-22 20:41:31');
INSERT INTO `option` VALUES (2, 4025, '2_2:-1_2_-1_-2', 'topic2_optionRepeat2:-1_2_-1_-2', -1, 2, -1, -2, 'user_a', '2019-02-22 20:41:31');
INSERT INTO `option` VALUES (2, 4026, '2_2:0_-2_-2_2', 'topic2_optionRepeat2:0_-2_-2_2', 0, -2, -2, 2, 'user_a', '2019-02-22 20:41:31');
INSERT INTO `option` VALUES (2, 4027, '2_2:0_-2_0_1', 'topic2_optionRepeat2:0_-2_0_1', 0, -2, 0, 1, 'user_a', '2019-02-22 20:41:31');
INSERT INTO `option` VALUES (2, 4028, '2_2:0_-2_1_0', 'topic2_optionRepeat2:0_-2_1_0', 0, -2, 1, 0, 'user_a', '2019-02-22 20:41:31');
INSERT INTO `option` VALUES (2, 4029, '2_2:0_-2_2_-2', 'topic2_optionRepeat2:0_-2_2_-2', 0, -2, 2, -2, 'user_a', '2019-02-22 20:41:31');
INSERT INTO `option` VALUES (2, 4030, '2_2:0_-1_-1_1', 'topic2_optionRepeat2:0_-1_-1_1', 0, -1, -1, 1, 'user_a', '2019-02-22 20:41:31');
INSERT INTO `option` VALUES (2, 4031, '2_2:0_-1_1_-1', 'topic2_optionRepeat2:0_-1_1_-1', 0, -1, 1, -1, 'user_b', '2019-02-22 20:41:31');
INSERT INTO `option` VALUES (2, 4032, '2_2:0_0_-2_1', 'topic2_optionRepeat2:0_0_-2_1', 0, 0, -2, 1, 'user_b', '2019-02-22 20:41:31');
INSERT INTO `option` VALUES (2, 4033, '2_2:0_0_1_-2', 'topic2_optionRepeat2:0_0_1_-2', 0, 0, 1, -2, 'user_b', '2019-02-22 20:41:31');
INSERT INTO `option` VALUES (2, 4034, '2_2:0_1_-2_0', 'topic2_optionRepeat2:0_1_-2_0', 0, 1, -2, 0, 'user_b', '2019-02-22 20:41:31');
INSERT INTO `option` VALUES (2, 4035, '2_2:0_1_-1_-1', 'topic2_optionRepeat2:0_1_-1_-1', 0, 1, -1, -1, 'user_b', '2019-02-22 20:41:31');
INSERT INTO `option` VALUES (2, 4036, '2_2:0_1_0_-2', 'topic2_optionRepeat2:0_1_0_-2', 0, 1, 0, -2, 'user_b', '2019-02-22 20:41:31');
INSERT INTO `option` VALUES (2, 4037, '2_2:0_2_-2_-2', 'topic2_optionRepeat2:0_2_-2_-2', 0, 2, -2, -2, 'user_b', '2019-02-22 20:41:31');
INSERT INTO `option` VALUES (2, 4038, '2_2:1_-2_-2_1', 'topic2_optionRepeat2:1_-2_-2_1', 1, -2, -2, 1, 'user_b', '2019-02-22 20:41:31');
INSERT INTO `option` VALUES (2, 4039, '2_2:1_-2_0_0', 'topic2_optionRepeat2:1_-2_0_0', 1, -2, 0, 0, 'user_b', '2019-02-22 20:41:31');
INSERT INTO `option` VALUES (2, 4040, '2_2:1_-2_1_-2', 'topic2_optionRepeat2:1_-2_1_-2', 1, -2, 1, -2, 'user_b', '2019-02-22 20:41:31');
INSERT INTO `option` VALUES (2, 4041, '2_2:1_-1_-1_0', 'topic2_optionRepeat2:1_-1_-1_0', 1, -1, -1, 0, 'user_b', '2019-02-22 20:41:31');
INSERT INTO `option` VALUES (2, 4042, '2_2:1_-1_0_-1', 'topic2_optionRepeat2:1_-1_0_-1', 1, -1, 0, -1, 'user_b', '2019-02-22 20:41:31');
INSERT INTO `option` VALUES (2, 4043, '2_2:1_0_-2_0', 'topic2_optionRepeat2:1_0_-2_0', 1, 0, -2, 0, 'user_b', '2019-02-22 20:41:31');
INSERT INTO `option` VALUES (2, 4044, '2_2:1_0_-1_-1', 'topic2_optionRepeat2:1_0_-1_-1', 1, 0, -1, -1, 'user_b', '2019-02-22 20:41:31');
INSERT INTO `option` VALUES (2, 4045, '2_2:1_0_0_-2', 'topic2_optionRepeat2:1_0_0_-2', 1, 0, 0, -2, 'user_b', '2019-02-22 20:41:31');
INSERT INTO `option` VALUES (2, 4046, '2_2:1_1_-2_-2', 'topic2_optionRepeat2:1_1_-2_-2', 1, 1, -2, -2, 'user_b', '2019-02-22 20:41:31');
INSERT INTO `option` VALUES (2, 4047, '2_2:2_-2_-2_0', 'topic2_optionRepeat2:2_-2_-2_0', 2, -2, -2, 0, 'user_b', '2019-02-22 20:41:31');
INSERT INTO `option` VALUES (2, 4048, '2_2:2_-2_-1_-1', 'topic2_optionRepeat2:2_-2_-1_-1', 2, -2, -1, -1, 'user_b', '2019-02-22 20:41:31');
INSERT INTO `option` VALUES (2, 4049, '2_2:2_-2_0_-2', 'topic2_optionRepeat2:2_-2_0_-2', 2, -2, 0, -2, 'user_b', '2019-02-22 20:41:31');
INSERT INTO `option` VALUES (2, 4050, '2_2:2_-1_-2_-1', 'topic2_optionRepeat2:2_-1_-2_-1', 2, -1, -2, -1, 'user_b', '2019-02-22 20:41:31');
INSERT INTO `option` VALUES (2, 4051, '2_2:2_-1_-1_-2', 'topic2_optionRepeat2:2_-1_-1_-2', 2, -1, -1, -2, 'user_b', '2019-02-22 20:41:31');
INSERT INTO `option` VALUES (2, 4052, '2_2:2_0_-2_-2', 'topic2_optionRepeat2:2_0_-2_-2', 2, 0, -2, -2, 'user_b', '2019-02-22 20:41:31');
INSERT INTO `option` VALUES (2, 4053, '2_3:-2_-2_0_2', 'topic2_optionRepeat3:-2_-2_0_2', -2, -2, 0, 2, 'user_b', '2019-02-22 20:41:31');
INSERT INTO `option` VALUES (2, 4054, '2_3:-2_-2_1_1', 'topic2_optionRepeat3:-2_-2_1_1', -2, -2, 1, 1, 'user_b', '2019-02-22 20:41:31');
INSERT INTO `option` VALUES (2, 4055, '2_3:-2_-2_2_0', 'topic2_optionRepeat3:-2_-2_2_0', -2, -2, 2, 0, 'user_b', '2019-02-22 20:41:31');
INSERT INTO `option` VALUES (2, 4056, '2_3:-2_-1_-1_2', 'topic2_optionRepeat3:-2_-1_-1_2', -2, -1, -1, 2, 'user_b', '2019-02-22 20:41:31');
INSERT INTO `option` VALUES (2, 4057, '2_3:-2_-1_2_-1', 'topic2_optionRepeat3:-2_-1_2_-1', -2, -1, 2, -1, 'user_b', '2019-02-22 20:41:31');
INSERT INTO `option` VALUES (2, 4058, '2_3:-2_0_-2_2', 'topic2_optionRepeat3:-2_0_-2_2', -2, 0, -2, 2, 'user_b', '2019-02-22 20:41:31');
INSERT INTO `option` VALUES (2, 4059, '2_3:-2_0_0_1', 'topic2_optionRepeat3:-2_0_0_1', -2, 0, 0, 1, 'user_b', '2019-02-22 20:41:31');
INSERT INTO `option` VALUES (2, 4060, '2_3:-2_0_1_0', 'topic2_optionRepeat3:-2_0_1_0', -2, 0, 1, 0, 'user_b', '2019-02-22 20:41:31');
INSERT INTO `option` VALUES (2, 4061, '2_3:-2_0_2_-2', 'topic2_optionRepeat3:-2_0_2_-2', -2, 0, 2, -2, 'user_b', '2019-02-22 20:41:31');
INSERT INTO `option` VALUES (2, 4062, '2_3:-2_1_-2_1', 'topic2_optionRepeat3:-2_1_-2_1', -2, 1, -2, 1, 'user_b', '2019-02-22 20:41:31');
INSERT INTO `option` VALUES (2, 4063, '2_3:-2_1_0_0', 'topic2_optionRepeat3:-2_1_0_0', -2, 1, 0, 0, 'user_b', '2019-02-22 20:41:32');
INSERT INTO `option` VALUES (2, 4064, '2_3:-2_1_1_-2', 'topic2_optionRepeat3:-2_1_1_-2', -2, 1, 1, -2, 'user_b', '2019-02-22 20:41:32');
INSERT INTO `option` VALUES (2, 4065, '2_3:-2_2_-2_0', 'topic2_optionRepeat3:-2_2_-2_0', -2, 2, -2, 0, 'user_b', '2019-02-22 20:41:32');
INSERT INTO `option` VALUES (2, 4066, '2_3:-2_2_-1_-1', 'topic2_optionRepeat3:-2_2_-1_-1', -2, 2, -1, -1, 'user_b', '2019-02-22 20:41:32');
INSERT INTO `option` VALUES (2, 4067, '2_3:-2_2_0_-2', 'topic2_optionRepeat3:-2_2_0_-2', -2, 2, 0, -2, 'user_b', '2019-02-22 20:41:32');
INSERT INTO `option` VALUES (2, 4068, '2_3:-1_-2_-1_2', 'topic2_optionRepeat3:-1_-2_-1_2', -1, -2, -1, 2, 'user_b', '2019-02-22 20:41:32');
INSERT INTO `option` VALUES (2, 4069, '2_3:-1_-2_2_-1', 'topic2_optionRepeat3:-1_-2_2_-1', -1, -2, 2, -1, 'user_b', '2019-02-22 20:41:32');
INSERT INTO `option` VALUES (2, 4070, '2_3:-1_-1_-2_2', 'topic2_optionRepeat3:-1_-1_-2_2', -1, -1, -2, 2, 'user_b', '2019-02-22 20:41:32');
INSERT INTO `option` VALUES (2, 4071, '2_3:-1_-1_0_1', 'topic2_optionRepeat3:-1_-1_0_1', -1, -1, 0, 1, 'user_b', '2019-02-22 20:41:32');
INSERT INTO `option` VALUES (2, 4072, '2_3:-1_-1_1_0', 'topic2_optionRepeat3:-1_-1_1_0', -1, -1, 1, 0, 'user_a', '2019-02-22 20:41:32');
INSERT INTO `option` VALUES (2, 4073, '2_3:-1_-1_2_-2', 'topic2_optionRepeat3:-1_-1_2_-2', -1, -1, 2, -2, 'user_a', '2019-02-22 20:41:32');
INSERT INTO `option` VALUES (2, 4074, '2_3:-1_0_-1_1', 'topic2_optionRepeat3:-1_0_-1_1', -1, 0, -1, 1, 'user_a', '2019-02-22 20:41:32');
INSERT INTO `option` VALUES (2, 4075, '2_3:-1_0_1_-1', 'topic2_optionRepeat3:-1_0_1_-1', -1, 0, 1, -1, 'user_a', '2019-02-22 20:41:32');
INSERT INTO `option` VALUES (2, 4076, '2_3:-1_1_-1_0', 'topic2_optionRepeat3:-1_1_-1_0', -1, 1, -1, 0, 'user_a', '2019-02-22 20:41:32');
INSERT INTO `option` VALUES (2, 4077, '2_3:-1_1_0_-1', 'topic2_optionRepeat3:-1_1_0_-1', -1, 1, 0, -1, 'user_a', '2019-02-22 20:41:32');
INSERT INTO `option` VALUES (2, 4078, '2_3:-1_2_-2_-1', 'topic2_optionRepeat3:-1_2_-2_-1', -1, 2, -2, -1, 'user_a', '2019-02-22 20:41:32');
INSERT INTO `option` VALUES (2, 4079, '2_3:-1_2_-1_-2', 'topic2_optionRepeat3:-1_2_-1_-2', -1, 2, -1, -2, 'user_a', '2019-02-22 20:41:32');
INSERT INTO `option` VALUES (2, 4080, '2_3:0_-2_-2_2', 'topic2_optionRepeat3:0_-2_-2_2', 0, -2, -2, 2, 'user_a', '2019-02-22 20:41:32');
INSERT INTO `option` VALUES (2, 4081, '2_3:0_-2_0_1', 'topic2_optionRepeat3:0_-2_0_1', 0, -2, 0, 1, 'user_a', '2019-02-22 20:41:32');
INSERT INTO `option` VALUES (2, 4082, '2_3:0_-2_1_0', 'topic2_optionRepeat3:0_-2_1_0', 0, -2, 1, 0, 'user_a', '2019-02-22 20:41:32');
INSERT INTO `option` VALUES (2, 4083, '2_3:0_-2_2_-2', 'topic2_optionRepeat3:0_-2_2_-2', 0, -2, 2, -2, 'user_a', '2019-02-22 20:41:32');
INSERT INTO `option` VALUES (2, 4084, '2_3:0_-1_-1_1', 'topic2_optionRepeat3:0_-1_-1_1', 0, -1, -1, 1, 'user_a', '2019-02-22 20:41:32');
INSERT INTO `option` VALUES (2, 4085, '2_3:0_-1_1_-1', 'topic2_optionRepeat3:0_-1_1_-1', 0, -1, 1, -1, 'user_a', '2019-02-22 20:41:32');
INSERT INTO `option` VALUES (2, 4086, '2_3:0_0_-2_1', 'topic2_optionRepeat3:0_0_-2_1', 0, 0, -2, 1, 'user_a', '2019-02-22 20:41:32');
INSERT INTO `option` VALUES (2, 4087, '2_3:0_0_1_-2', 'topic2_optionRepeat3:0_0_1_-2', 0, 0, 1, -2, 'user_a', '2019-02-22 20:41:32');
INSERT INTO `option` VALUES (2, 4088, '2_3:0_1_-2_0', 'topic2_optionRepeat3:0_1_-2_0', 0, 1, -2, 0, 'user_a', '2019-02-22 20:41:32');
INSERT INTO `option` VALUES (2, 4089, '2_3:0_1_-1_-1', 'topic2_optionRepeat3:0_1_-1_-1', 0, 1, -1, -1, 'user_a', '2019-02-22 20:41:32');
INSERT INTO `option` VALUES (2, 4090, '2_3:0_1_0_-2', 'topic2_optionRepeat3:0_1_0_-2', 0, 1, 0, -2, 'user_a', '2019-02-22 20:41:32');
INSERT INTO `option` VALUES (2, 4091, '2_3:0_2_-2_-2', 'topic2_optionRepeat3:0_2_-2_-2', 0, 2, -2, -2, 'user_a', '2019-02-22 20:41:32');
INSERT INTO `option` VALUES (2, 4092, '2_3:1_-2_-2_1', 'topic2_optionRepeat3:1_-2_-2_1', 1, -2, -2, 1, 'user_a', '2019-02-22 20:41:32');
INSERT INTO `option` VALUES (2, 4093, '2_3:1_-2_0_0', 'topic2_optionRepeat3:1_-2_0_0', 1, -2, 0, 0, 'user_a', '2019-02-22 20:41:32');
INSERT INTO `option` VALUES (2, 4094, '2_3:1_-2_1_-2', 'topic2_optionRepeat3:1_-2_1_-2', 1, -2, 1, -2, 'user_a', '2019-02-22 20:41:32');
INSERT INTO `option` VALUES (2, 4095, '2_3:1_-1_-1_0', 'topic2_optionRepeat3:1_-1_-1_0', 1, -1, -1, 0, 'user_a', '2019-02-22 20:41:32');
INSERT INTO `option` VALUES (2, 4096, '2_3:1_-1_0_-1', 'topic2_optionRepeat3:1_-1_0_-1', 1, -1, 0, -1, 'user_a', '2019-02-22 20:41:32');
INSERT INTO `option` VALUES (2, 4097, '2_3:1_0_-2_0', 'topic2_optionRepeat3:1_0_-2_0', 1, 0, -2, 0, 'user_a', '2019-02-22 20:41:32');
INSERT INTO `option` VALUES (2, 4098, '2_3:1_0_-1_-1', 'topic2_optionRepeat3:1_0_-1_-1', 1, 0, -1, -1, 'user_a', '2019-02-22 20:41:32');
INSERT INTO `option` VALUES (2, 4099, '2_3:1_0_0_-2', 'topic2_optionRepeat3:1_0_0_-2', 1, 0, 0, -2, 'user_a', '2019-02-22 20:41:32');
INSERT INTO `option` VALUES (2, 4100, '2_3:1_1_-2_-2', 'topic2_optionRepeat3:1_1_-2_-2', 1, 1, -2, -2, 'user_a', '2019-02-22 20:41:32');
INSERT INTO `option` VALUES (2, 4101, '2_3:2_-2_-2_0', 'topic2_optionRepeat3:2_-2_-2_0', 2, -2, -2, 0, 'user_a', '2019-02-22 20:41:32');
INSERT INTO `option` VALUES (2, 4102, '2_3:2_-2_-1_-1', 'topic2_optionRepeat3:2_-2_-1_-1', 2, -2, -1, -1, 'user_a', '2019-02-22 20:41:32');
INSERT INTO `option` VALUES (2, 4103, '2_3:2_-2_0_-2', 'topic2_optionRepeat3:2_-2_0_-2', 2, -2, 0, -2, 'user_a', '2019-02-22 20:41:32');
INSERT INTO `option` VALUES (2, 4104, '2_3:2_-1_-2_-1', 'topic2_optionRepeat3:2_-1_-2_-1', 2, -1, -2, -1, 'user_a', '2019-02-22 20:41:32');
INSERT INTO `option` VALUES (2, 4105, '2_3:2_-1_-1_-2', 'topic2_optionRepeat3:2_-1_-1_-2', 2, -1, -1, -2, 'user_a', '2019-02-22 20:41:32');
INSERT INTO `option` VALUES (2, 4106, '2_3:2_0_-2_-2', 'topic2_optionRepeat3:2_0_-2_-2', 2, 0, -2, -2, 'user_a', '2019-02-22 20:41:32');

-- ----------------------------
-- Table structure for topic
-- ----------------------------
DROP TABLE IF EXISTS `topic`;
CREATE TABLE `topic`  (
  `topic_id` int(11) NOT NULL AUTO_INCREMENT,
  `topic` varchar(45) CHARACTER SET utf8mb4 COLLATE utf8mb4_unicode_520_ci NULL DEFAULT NULL,
  `user_id` varchar(45) CHARACTER SET utf8mb4 COLLATE utf8mb4_unicode_520_ci NULL DEFAULT NULL,
  `last_update` timestamp(0) NOT NULL DEFAULT CURRENT_TIMESTAMP,
  PRIMARY KEY (`topic_id`) USING BTREE,
  INDEX `topic`(`topic`) USING BTREE,
  INDEX `user_id`(`user_id`) USING BTREE,
  CONSTRAINT `topic_ibfk_1` FOREIGN KEY (`user_id`) REFERENCES `user` (`user_id`) ON DELETE RESTRICT ON UPDATE RESTRICT
) ENGINE = InnoDB AUTO_INCREMENT = 3 CHARACTER SET = utf8mb4 COLLATE = utf8mb4_unicode_520_ci ROW_FORMAT = Dynamic;

-- ----------------------------
-- Records of topic
-- ----------------------------
INSERT INTO `topic` VALUES (1, 'topic_a', 'user_a', '2019-02-21 01:09:08');
INSERT INTO `topic` VALUES (2, 'topic_b', 'user_b', '2019-02-21 01:09:08');

-- ----------------------------
-- Table structure for user
-- ----------------------------
DROP TABLE IF EXISTS `user`;
CREATE TABLE `user`  (
  `user_id` varchar(45) CHARACTER SET utf8mb4 COLLATE utf8mb4_unicode_520_ci NOT NULL,
  `pwd` varchar(45) CHARACTER SET utf8mb4 COLLATE utf8mb4_unicode_520_ci NULL DEFAULT NULL,
  `signup_time` datetime(0) NULL DEFAULT NULL,
  `last_update` timestamp(0) NOT NULL DEFAULT CURRENT_TIMESTAMP,
  PRIMARY KEY (`user_id`) USING BTREE
) ENGINE = InnoDB CHARACTER SET = utf8mb4 COLLATE = utf8mb4_unicode_520_ci ROW_FORMAT = Dynamic;

-- ----------------------------
-- Records of user
-- ----------------------------
INSERT INTO `user` VALUES ('user_a', '123', NULL, '2019-02-21 01:09:08');
INSERT INTO `user` VALUES ('user_b', '123', NULL, '2019-02-21 01:09:08');
INSERT INTO `user` VALUES ('user_c', '123', NULL, '2019-02-21 01:09:08');

-- ----------------------------
-- Table structure for user_online_log
-- ----------------------------
DROP TABLE IF EXISTS `user_online_log`;
CREATE TABLE `user_online_log`  (
  `id` int(11) NOT NULL AUTO_INCREMENT,
  `user_id` varchar(45) CHARACTER SET utf8mb4 COLLATE utf8mb4_unicode_520_ci NULL DEFAULT NULL,
  `online_time` varchar(45) CHARACTER SET utf8mb4 COLLATE utf8mb4_unicode_520_ci NULL DEFAULT NULL,
  `offline_time` varchar(45) CHARACTER SET utf8mb4 COLLATE utf8mb4_unicode_520_ci NULL DEFAULT NULL,
  `last_update` timestamp(0) NOT NULL DEFAULT CURRENT_TIMESTAMP,
  PRIMARY KEY (`id`) USING BTREE,
  INDEX `user_id`(`user_id`) USING BTREE,
  CONSTRAINT `user_online_log_ibfk_1` FOREIGN KEY (`user_id`) REFERENCES `user` (`user_id`) ON DELETE RESTRICT ON UPDATE RESTRICT
) ENGINE = InnoDB AUTO_INCREMENT = 1 CHARACTER SET = utf8mb4 COLLATE = utf8mb4_unicode_520_ci ROW_FORMAT = Dynamic;

-- ----------------------------
-- Table structure for user_option
-- ----------------------------
DROP TABLE IF EXISTS `user_option`;
CREATE TABLE `user_option`  (
  `user_id` varchar(45) CHARACTER SET utf8mb4 COLLATE utf8mb4_unicode_520_ci NOT NULL,
  `topic_id` int(11) NOT NULL,
  `option_id` int(11) NOT NULL,
  `voting_time` datetime(0) NULL DEFAULT NULL,
  `last_update` timestamp(0) NOT NULL DEFAULT CURRENT_TIMESTAMP,
  PRIMARY KEY (`user_id`, `topic_id`, `option_id`) USING BTREE,
  INDEX `user_id`(`user_id`) USING BTREE,
  INDEX `option_id`(`option_id`) USING BTREE,
  INDEX `topic_id`(`topic_id`) USING BTREE,
  INDEX `user_option_ibfk_2`(`topic_id`, `option_id`) USING BTREE,
  CONSTRAINT `user_option_ibfk_1` FOREIGN KEY (`user_id`) REFERENCES `user` (`user_id`) ON DELETE RESTRICT ON UPDATE RESTRICT,
  CONSTRAINT `user_option_ibfk_2` FOREIGN KEY (`topic_id`, `option_id`) REFERENCES `option` (`topic_id`, `option_id`) ON DELETE RESTRICT ON UPDATE RESTRICT
) ENGINE = InnoDB AUTO_INCREMENT = 1 CHARACTER SET = utf8mb4 COLLATE = utf8mb4_unicode_520_ci ROW_FORMAT = Dynamic;

-- ----------------------------
-- Records of user_option
-- ----------------------------
INSERT INTO `user_option` VALUES ('user_a', 1, 3675, '2019-02-25 12:32:03', '2019-02-25 12:32:03');
INSERT INTO `user_option` VALUES ('user_a', 1, 3676, '2019-02-25 12:32:03', '2019-02-25 12:32:03');
INSERT INTO `user_option` VALUES ('user_a', 1, 3677, '2019-02-25 12:32:03', '2019-02-25 12:32:03');
INSERT INTO `user_option` VALUES ('user_a', 1, 3678, '2019-02-25 12:32:03', '2019-02-25 12:32:03');
INSERT INTO `user_option` VALUES ('user_a', 1, 3679, '2019-02-25 12:32:03', '2019-02-25 12:32:03');
INSERT INTO `user_option` VALUES ('user_a', 1, 3680, '2019-02-25 12:32:03', '2019-02-25 12:32:03');
INSERT INTO `user_option` VALUES ('user_a', 1, 3681, '2019-02-25 12:32:03', '2019-02-25 12:32:03');
INSERT INTO `user_option` VALUES ('user_a', 1, 3682, '2019-02-25 12:32:03', '2019-02-25 12:32:03');
INSERT INTO `user_option` VALUES ('user_a', 1, 3683, '2019-02-25 12:32:03', '2019-02-25 12:32:03');
INSERT INTO `user_option` VALUES ('user_a', 1, 3684, '2019-02-25 12:32:03', '2019-02-25 12:32:03');
INSERT INTO `user_option` VALUES ('user_a', 1, 3685, '2019-02-25 12:32:03', '2019-02-25 12:32:03');
INSERT INTO `user_option` VALUES ('user_a', 1, 3686, '2019-02-25 12:32:03', '2019-02-25 12:32:03');
INSERT INTO `user_option` VALUES ('user_a', 1, 3687, '2019-02-25 12:32:03', '2019-02-25 12:32:03');
INSERT INTO `user_option` VALUES ('user_a', 1, 3688, '2019-02-25 12:32:03', '2019-02-25 12:32:03');
INSERT INTO `user_option` VALUES ('user_a', 1, 3689, '2019-02-25 12:32:03', '2019-02-25 12:32:03');
INSERT INTO `user_option` VALUES ('user_a', 1, 3690, '2019-02-25 12:32:03', '2019-02-25 12:32:03');
INSERT INTO `user_option` VALUES ('user_a', 1, 3691, '2019-02-25 12:32:03', '2019-02-25 12:32:03');
INSERT INTO `user_option` VALUES ('user_a', 1, 3692, '2019-02-25 12:32:03', '2019-02-25 12:32:03');
INSERT INTO `user_option` VALUES ('user_a', 1, 3693, '2019-02-25 12:32:03', '2019-02-25 12:32:03');
INSERT INTO `user_option` VALUES ('user_a', 1, 3694, '2019-02-25 12:32:03', '2019-02-25 12:32:03');
INSERT INTO `user_option` VALUES ('user_a', 1, 3695, '2019-02-25 12:32:03', '2019-02-25 12:32:03');
INSERT INTO `user_option` VALUES ('user_a', 1, 3696, '2019-02-25 12:32:03', '2019-02-25 12:32:03');
INSERT INTO `user_option` VALUES ('user_a', 1, 3697, '2019-02-25 12:32:03', '2019-02-25 12:32:03');
INSERT INTO `user_option` VALUES ('user_a', 1, 3698, '2019-02-25 12:32:03', '2019-02-25 12:32:03');
INSERT INTO `user_option` VALUES ('user_a', 1, 3699, '2019-02-25 12:32:03', '2019-02-25 12:32:03');
INSERT INTO `user_option` VALUES ('user_a', 1, 3700, '2019-02-25 12:32:03', '2019-02-25 12:32:03');
INSERT INTO `user_option` VALUES ('user_a', 1, 3701, '2019-02-25 12:32:03', '2019-02-25 12:32:03');
INSERT INTO `user_option` VALUES ('user_a', 1, 3702, '2019-02-25 12:32:03', '2019-02-25 12:32:03');
INSERT INTO `user_option` VALUES ('user_a', 1, 3703, '2019-02-25 12:32:03', '2019-02-25 12:32:03');
INSERT INTO `user_option` VALUES ('user_a', 1, 3704, '2019-02-25 12:32:03', '2019-02-25 12:32:03');
INSERT INTO `user_option` VALUES ('user_a', 1, 3705, '2019-02-25 12:32:03', '2019-02-25 12:32:03');
INSERT INTO `user_option` VALUES ('user_a', 1, 3706, '2019-02-25 12:32:03', '2019-02-25 12:32:03');
INSERT INTO `user_option` VALUES ('user_a', 1, 3707, '2019-02-25 12:32:03', '2019-02-25 12:32:03');
INSERT INTO `user_option` VALUES ('user_a', 1, 3708, '2019-02-25 12:32:03', '2019-02-25 12:32:03');
INSERT INTO `user_option` VALUES ('user_a', 1, 3709, '2019-02-25 12:32:03', '2019-02-25 12:32:03');
INSERT INTO `user_option` VALUES ('user_a', 1, 3710, '2019-02-25 12:32:03', '2019-02-25 12:32:03');
INSERT INTO `user_option` VALUES ('user_a', 1, 3711, '2019-02-25 12:32:03', '2019-02-25 12:32:03');
INSERT INTO `user_option` VALUES ('user_a', 1, 3712, '2019-02-25 12:32:03', '2019-02-25 12:32:03');
INSERT INTO `user_option` VALUES ('user_a', 1, 3713, '2019-02-25 12:32:03', '2019-02-25 12:32:03');
INSERT INTO `user_option` VALUES ('user_a', 1, 3714, '2019-02-25 12:32:03', '2019-02-25 12:32:03');
INSERT INTO `user_option` VALUES ('user_a', 1, 3715, '2019-02-25 12:32:03', '2019-02-25 12:32:03');
INSERT INTO `user_option` VALUES ('user_a', 1, 3716, '2019-02-25 12:32:03', '2019-02-25 12:32:03');
INSERT INTO `user_option` VALUES ('user_a', 1, 3717, '2019-02-25 12:32:03', '2019-02-25 12:32:03');
INSERT INTO `user_option` VALUES ('user_a', 1, 3718, '2019-02-25 12:32:03', '2019-02-25 12:32:03');
INSERT INTO `user_option` VALUES ('user_a', 1, 3719, '2019-02-25 12:32:03', '2019-02-25 12:32:03');
INSERT INTO `user_option` VALUES ('user_a', 1, 3720, '2019-02-25 12:32:03', '2019-02-25 12:32:03');
INSERT INTO `user_option` VALUES ('user_a', 1, 3721, '2019-02-25 12:32:03', '2019-02-25 12:32:03');
INSERT INTO `user_option` VALUES ('user_a', 1, 3722, '2019-02-25 12:32:03', '2019-02-25 12:32:03');
INSERT INTO `user_option` VALUES ('user_a', 1, 3723, '2019-02-25 12:32:03', '2019-02-25 12:32:03');
INSERT INTO `user_option` VALUES ('user_a', 1, 3724, '2019-02-25 12:32:03', '2019-02-25 12:32:03');
INSERT INTO `user_option` VALUES ('user_a', 1, 3725, '2019-02-25 12:32:03', '2019-02-25 12:32:03');
INSERT INTO `user_option` VALUES ('user_a', 1, 3726, '2019-02-25 12:32:03', '2019-02-25 12:32:03');
INSERT INTO `user_option` VALUES ('user_a', 1, 3727, '2019-02-25 12:32:03', '2019-02-25 12:32:03');
INSERT INTO `user_option` VALUES ('user_a', 1, 3728, '2019-02-25 12:32:03', '2019-02-25 12:32:03');
INSERT INTO `user_option` VALUES ('user_a', 1, 3729, '2019-02-25 12:32:03', '2019-02-25 12:32:03');
INSERT INTO `user_option` VALUES ('user_a', 1, 3730, '2019-02-25 12:32:03', '2019-02-25 12:32:03');
INSERT INTO `user_option` VALUES ('user_a', 1, 3731, '2019-02-25 12:32:03', '2019-02-25 12:32:03');
INSERT INTO `user_option` VALUES ('user_a', 1, 3732, '2019-02-25 12:32:03', '2019-02-25 12:32:03');
INSERT INTO `user_option` VALUES ('user_a', 1, 3733, '2019-02-25 12:32:03', '2019-02-25 12:32:03');
INSERT INTO `user_option` VALUES ('user_a', 1, 3734, '2019-02-25 12:32:03', '2019-02-25 12:32:03');
INSERT INTO `user_option` VALUES ('user_a', 1, 3735, '2019-02-25 12:32:03', '2019-02-25 12:32:03');
INSERT INTO `user_option` VALUES ('user_a', 1, 3736, '2019-02-25 12:32:03', '2019-02-25 12:32:03');
INSERT INTO `user_option` VALUES ('user_a', 1, 3737, '2019-02-25 12:32:03', '2019-02-25 12:32:03');
INSERT INTO `user_option` VALUES ('user_a', 1, 3738, '2019-02-25 12:32:03', '2019-02-25 12:32:03');
INSERT INTO `user_option` VALUES ('user_a', 1, 3739, '2019-02-25 12:32:03', '2019-02-25 12:32:03');
INSERT INTO `user_option` VALUES ('user_a', 1, 3740, '2019-02-25 12:32:03', '2019-02-25 12:32:03');
INSERT INTO `user_option` VALUES ('user_a', 1, 3741, '2019-02-25 12:32:03', '2019-02-25 12:32:03');
INSERT INTO `user_option` VALUES ('user_a', 1, 3742, '2019-02-25 12:32:03', '2019-02-25 12:32:03');
INSERT INTO `user_option` VALUES ('user_a', 1, 3743, '2019-02-25 12:32:03', '2019-02-25 12:32:03');
INSERT INTO `user_option` VALUES ('user_a', 1, 3744, '2019-02-25 12:32:03', '2019-02-25 12:32:03');
INSERT INTO `user_option` VALUES ('user_a', 1, 3745, '2019-02-25 12:32:03', '2019-02-25 12:32:03');
INSERT INTO `user_option` VALUES ('user_a', 1, 3746, '2019-02-25 12:32:03', '2019-02-25 12:32:03');
INSERT INTO `user_option` VALUES ('user_a', 1, 3747, '2019-02-25 12:32:04', '2019-02-25 12:32:04');
INSERT INTO `user_option` VALUES ('user_a', 1, 3748, '2019-02-25 12:32:04', '2019-02-25 12:32:04');
INSERT INTO `user_option` VALUES ('user_a', 1, 3749, '2019-02-25 12:32:04', '2019-02-25 12:32:04');
INSERT INTO `user_option` VALUES ('user_a', 1, 3750, '2019-02-25 12:32:04', '2019-02-25 12:32:04');
INSERT INTO `user_option` VALUES ('user_a', 1, 3751, '2019-02-25 12:32:04', '2019-02-25 12:32:04');
INSERT INTO `user_option` VALUES ('user_a', 1, 3752, '2019-02-25 12:32:04', '2019-02-25 12:32:04');
INSERT INTO `user_option` VALUES ('user_a', 1, 3753, '2019-02-25 12:32:04', '2019-02-25 12:32:04');
INSERT INTO `user_option` VALUES ('user_a', 1, 3754, '2019-02-25 12:32:04', '2019-02-25 12:32:04');
INSERT INTO `user_option` VALUES ('user_a', 1, 3755, '2019-02-25 12:32:04', '2019-02-25 12:32:04');
INSERT INTO `user_option` VALUES ('user_a', 1, 3756, '2019-02-25 12:32:04', '2019-02-25 12:32:04');
INSERT INTO `user_option` VALUES ('user_a', 1, 3757, '2019-02-25 12:32:04', '2019-02-25 12:32:04');
INSERT INTO `user_option` VALUES ('user_a', 1, 3758, '2019-02-25 12:32:04', '2019-02-25 12:32:04');
INSERT INTO `user_option` VALUES ('user_a', 1, 3759, '2019-02-25 12:32:04', '2019-02-25 12:32:04');
INSERT INTO `user_option` VALUES ('user_a', 1, 3760, '2019-02-25 12:32:04', '2019-02-25 12:32:04');
INSERT INTO `user_option` VALUES ('user_a', 1, 3761, '2019-02-25 12:32:04', '2019-02-25 12:32:04');
INSERT INTO `user_option` VALUES ('user_a', 1, 3762, '2019-02-25 12:32:04', '2019-02-25 12:32:04');
INSERT INTO `user_option` VALUES ('user_a', 1, 3763, '2019-02-25 12:32:04', '2019-02-25 12:32:04');
INSERT INTO `user_option` VALUES ('user_a', 1, 3764, '2019-02-25 12:32:04', '2019-02-25 12:32:04');
INSERT INTO `user_option` VALUES ('user_a', 1, 3765, '2019-02-25 12:32:04', '2019-02-25 12:32:04');
INSERT INTO `user_option` VALUES ('user_a', 1, 3766, '2019-02-25 12:32:04', '2019-02-25 12:32:04');
INSERT INTO `user_option` VALUES ('user_a', 1, 3767, '2019-02-25 12:32:04', '2019-02-25 12:32:04');
INSERT INTO `user_option` VALUES ('user_a', 1, 3768, '2019-02-25 12:32:04', '2019-02-25 12:32:04');
INSERT INTO `user_option` VALUES ('user_a', 1, 3769, '2019-02-25 12:32:04', '2019-02-25 12:32:04');
INSERT INTO `user_option` VALUES ('user_a', 1, 3770, '2019-02-25 12:32:04', '2019-02-25 12:32:04');
INSERT INTO `user_option` VALUES ('user_a', 1, 3771, '2019-02-25 12:32:04', '2019-02-25 12:32:04');
INSERT INTO `user_option` VALUES ('user_a', 1, 3772, '2019-02-25 12:32:04', '2019-02-25 12:32:04');
INSERT INTO `user_option` VALUES ('user_a', 1, 3773, '2019-02-25 12:32:04', '2019-02-25 12:32:04');
INSERT INTO `user_option` VALUES ('user_a', 1, 3774, '2019-02-25 12:32:04', '2019-02-25 12:32:04');
INSERT INTO `user_option` VALUES ('user_a', 1, 3775, '2019-02-25 12:32:04', '2019-02-25 12:32:04');
INSERT INTO `user_option` VALUES ('user_a', 1, 3776, '2019-02-25 12:32:04', '2019-02-25 12:32:04');
INSERT INTO `user_option` VALUES ('user_a', 1, 3777, '2019-02-25 12:32:04', '2019-02-25 12:32:04');
INSERT INTO `user_option` VALUES ('user_a', 1, 3778, '2019-02-25 12:32:04', '2019-02-25 12:32:04');
INSERT INTO `user_option` VALUES ('user_a', 1, 3779, '2019-02-25 12:32:04', '2019-02-25 12:32:04');
INSERT INTO `user_option` VALUES ('user_a', 1, 3780, '2019-02-25 12:32:04', '2019-02-25 12:32:04');
INSERT INTO `user_option` VALUES ('user_a', 1, 3781, '2019-02-25 12:32:04', '2019-02-25 12:32:04');
INSERT INTO `user_option` VALUES ('user_a', 1, 3782, '2019-02-25 12:32:04', '2019-02-25 12:32:04');
INSERT INTO `user_option` VALUES ('user_a', 1, 3783, '2019-02-25 12:32:04', '2019-02-25 12:32:04');
INSERT INTO `user_option` VALUES ('user_a', 1, 3784, '2019-02-25 12:32:04', '2019-02-25 12:32:04');
INSERT INTO `user_option` VALUES ('user_a', 1, 3785, '2019-02-25 12:32:04', '2019-02-25 12:32:04');
INSERT INTO `user_option` VALUES ('user_a', 1, 3786, '2019-02-25 12:32:04', '2019-02-25 12:32:04');
INSERT INTO `user_option` VALUES ('user_a', 1, 3787, '2019-02-25 12:32:04', '2019-02-25 12:32:04');
INSERT INTO `user_option` VALUES ('user_a', 1, 3788, '2019-02-25 12:32:04', '2019-02-25 12:32:04');
INSERT INTO `user_option` VALUES ('user_a', 1, 3789, '2019-02-25 12:32:04', '2019-02-25 12:32:04');
INSERT INTO `user_option` VALUES ('user_a', 1, 3790, '2019-02-25 12:32:04', '2019-02-25 12:32:04');
INSERT INTO `user_option` VALUES ('user_a', 1, 3791, '2019-02-25 12:32:04', '2019-02-25 12:32:04');
INSERT INTO `user_option` VALUES ('user_a', 1, 3792, '2019-02-25 12:32:04', '2019-02-25 12:32:04');
INSERT INTO `user_option` VALUES ('user_a', 1, 3793, '2019-02-25 12:32:04', '2019-02-25 12:32:04');
INSERT INTO `user_option` VALUES ('user_a', 1, 3794, '2019-02-25 12:32:04', '2019-02-25 12:32:04');
INSERT INTO `user_option` VALUES ('user_a', 1, 3795, '2019-02-25 12:32:04', '2019-02-25 12:32:04');
INSERT INTO `user_option` VALUES ('user_a', 1, 3796, '2019-02-25 12:32:04', '2019-02-25 12:32:04');
INSERT INTO `user_option` VALUES ('user_a', 1, 3797, '2019-02-25 12:32:04', '2019-02-25 12:32:04');
INSERT INTO `user_option` VALUES ('user_a', 1, 3798, '2019-02-25 12:32:04', '2019-02-25 12:32:04');
INSERT INTO `user_option` VALUES ('user_a', 1, 3799, '2019-02-25 12:32:04', '2019-02-25 12:32:04');
INSERT INTO `user_option` VALUES ('user_a', 1, 3800, '2019-02-25 12:32:04', '2019-02-25 12:32:04');
INSERT INTO `user_option` VALUES ('user_a', 1, 3801, '2019-02-25 12:32:04', '2019-02-25 12:32:04');
INSERT INTO `user_option` VALUES ('user_a', 1, 3802, '2019-02-25 12:32:04', '2019-02-25 12:32:04');
INSERT INTO `user_option` VALUES ('user_a', 1, 3803, '2019-02-25 12:32:04', '2019-02-25 12:32:04');
INSERT INTO `user_option` VALUES ('user_a', 1, 3804, '2019-02-25 12:32:04', '2019-02-25 12:32:04');
INSERT INTO `user_option` VALUES ('user_a', 1, 3805, '2019-02-25 12:32:04', '2019-02-25 12:32:04');
INSERT INTO `user_option` VALUES ('user_a', 1, 3807, '2019-02-25 12:32:04', '2019-02-25 12:32:04');
INSERT INTO `user_option` VALUES ('user_a', 1, 3808, '2019-02-25 12:32:04', '2019-02-25 12:32:04');
INSERT INTO `user_option` VALUES ('user_a', 1, 3809, '2019-02-25 12:32:04', '2019-02-25 12:32:04');
INSERT INTO `user_option` VALUES ('user_a', 1, 3810, '2019-02-25 12:32:04', '2019-02-25 12:32:04');
INSERT INTO `user_option` VALUES ('user_a', 1, 3811, '2019-02-25 12:32:04', '2019-02-25 12:32:04');
INSERT INTO `user_option` VALUES ('user_a', 1, 3812, '2019-02-25 12:32:04', '2019-02-25 12:32:04');
INSERT INTO `user_option` VALUES ('user_a', 1, 3813, '2019-02-25 12:32:04', '2019-02-25 12:32:04');
INSERT INTO `user_option` VALUES ('user_a', 1, 3814, '2019-02-25 12:32:04', '2019-02-25 12:32:04');
INSERT INTO `user_option` VALUES ('user_a', 1, 3815, '2019-02-25 12:32:04', '2019-02-25 12:32:04');
INSERT INTO `user_option` VALUES ('user_a', 1, 3816, '2019-02-25 12:32:04', '2019-02-25 12:32:04');
INSERT INTO `user_option` VALUES ('user_a', 1, 3817, '2019-02-25 12:32:04', '2019-02-25 12:32:04');
INSERT INTO `user_option` VALUES ('user_a', 1, 3818, '2019-02-25 12:32:04', '2019-02-25 12:32:04');
INSERT INTO `user_option` VALUES ('user_a', 1, 3819, '2019-02-25 12:32:04', '2019-02-25 12:32:04');
INSERT INTO `user_option` VALUES ('user_a', 1, 3820, '2019-02-25 12:32:04', '2019-02-25 12:32:04');
INSERT INTO `user_option` VALUES ('user_a', 1, 3821, '2019-02-25 12:32:04', '2019-02-25 12:32:04');
INSERT INTO `user_option` VALUES ('user_a', 1, 3822, '2019-02-25 12:32:04', '2019-02-25 12:32:04');
INSERT INTO `user_option` VALUES ('user_a', 1, 3823, '2019-02-25 12:32:04', '2019-02-25 12:32:04');
INSERT INTO `user_option` VALUES ('user_a', 1, 3824, '2019-02-25 12:32:04', '2019-02-25 12:32:04');
INSERT INTO `user_option` VALUES ('user_a', 1, 3825, '2019-02-25 12:32:04', '2019-02-25 12:32:04');
INSERT INTO `user_option` VALUES ('user_a', 1, 3826, '2019-02-25 12:32:04', '2019-02-25 12:32:04');
INSERT INTO `user_option` VALUES ('user_a', 1, 3827, '2019-02-25 12:32:04', '2019-02-25 12:32:04');
INSERT INTO `user_option` VALUES ('user_a', 1, 3828, '2019-02-25 12:32:04', '2019-02-25 12:32:04');
INSERT INTO `user_option` VALUES ('user_a', 1, 3829, '2019-02-25 12:32:04', '2019-02-25 12:32:04');
INSERT INTO `user_option` VALUES ('user_a', 1, 3830, '2019-02-25 12:32:04', '2019-02-25 12:32:04');
INSERT INTO `user_option` VALUES ('user_a', 1, 3831, '2019-02-25 12:32:04', '2019-02-25 12:32:04');
INSERT INTO `user_option` VALUES ('user_a', 1, 3832, '2019-02-25 12:32:04', '2019-02-25 12:32:04');
INSERT INTO `user_option` VALUES ('user_a', 1, 3833, '2019-02-25 12:32:04', '2019-02-25 12:32:04');
INSERT INTO `user_option` VALUES ('user_a', 1, 3834, '2019-02-25 12:32:04', '2019-02-25 12:32:04');
INSERT INTO `user_option` VALUES ('user_a', 1, 3835, '2019-02-25 12:32:04', '2019-02-25 12:32:04');
INSERT INTO `user_option` VALUES ('user_a', 1, 3836, '2019-02-25 12:32:04', '2019-02-25 12:32:04');
INSERT INTO `user_option` VALUES ('user_a', 1, 3837, '2019-02-25 12:32:04', '2019-02-25 12:32:04');
INSERT INTO `user_option` VALUES ('user_a', 1, 3838, '2019-02-25 12:32:04', '2019-02-25 12:32:04');
INSERT INTO `user_option` VALUES ('user_a', 1, 3839, '2019-02-25 12:32:04', '2019-02-25 12:32:04');
INSERT INTO `user_option` VALUES ('user_a', 1, 3840, '2019-02-25 12:32:04', '2019-02-25 12:32:04');
INSERT INTO `user_option` VALUES ('user_a', 1, 3841, '2019-02-25 12:32:04', '2019-02-25 12:32:04');
INSERT INTO `user_option` VALUES ('user_a', 1, 3842, '2019-02-25 12:32:04', '2019-02-25 12:32:04');
INSERT INTO `user_option` VALUES ('user_a', 1, 3843, '2019-02-25 12:32:04', '2019-02-25 12:32:04');
INSERT INTO `user_option` VALUES ('user_a', 1, 3844, '2019-02-25 12:32:04', '2019-02-25 12:32:04');
INSERT INTO `user_option` VALUES ('user_a', 1, 3845, '2019-02-25 12:32:04', '2019-02-25 12:32:04');
INSERT INTO `user_option` VALUES ('user_a', 1, 3846, '2019-02-25 12:32:04', '2019-02-25 12:32:04');
INSERT INTO `user_option` VALUES ('user_a', 1, 3847, '2019-02-25 12:32:04', '2019-02-25 12:32:04');
INSERT INTO `user_option` VALUES ('user_a', 1, 3848, '2019-02-25 12:32:04', '2019-02-25 12:32:04');
INSERT INTO `user_option` VALUES ('user_a', 1, 3849, '2019-02-25 12:32:04', '2019-02-25 12:32:04');
INSERT INTO `user_option` VALUES ('user_a', 1, 3850, '2019-02-25 12:32:04', '2019-02-25 12:32:04');
INSERT INTO `user_option` VALUES ('user_a', 1, 3851, '2019-02-25 12:32:04', '2019-02-25 12:32:04');
INSERT INTO `user_option` VALUES ('user_a', 1, 3852, '2019-02-25 12:32:04', '2019-02-25 12:32:04');
INSERT INTO `user_option` VALUES ('user_a', 1, 3853, '2019-02-25 12:32:04', '2019-02-25 12:32:04');
INSERT INTO `user_option` VALUES ('user_a', 1, 3854, '2019-02-25 12:32:04', '2019-02-25 12:32:04');
INSERT INTO `user_option` VALUES ('user_a', 1, 3855, '2019-02-25 12:32:04', '2019-02-25 12:32:04');
INSERT INTO `user_option` VALUES ('user_a', 1, 3856, '2019-02-25 12:32:04', '2019-02-25 12:32:04');
INSERT INTO `user_option` VALUES ('user_a', 1, 3857, '2019-02-25 12:32:04', '2019-02-25 12:32:04');
INSERT INTO `user_option` VALUES ('user_a', 1, 3858, '2019-02-25 12:32:04', '2019-02-25 12:32:04');
INSERT INTO `user_option` VALUES ('user_a', 1, 3859, '2019-02-25 12:32:04', '2019-02-25 12:32:04');
INSERT INTO `user_option` VALUES ('user_a', 1, 3860, '2019-02-25 12:32:04', '2019-02-25 12:32:04');
INSERT INTO `user_option` VALUES ('user_a', 1, 3861, '2019-02-25 12:32:04', '2019-02-25 12:32:04');
INSERT INTO `user_option` VALUES ('user_a', 1, 3862, '2019-02-25 12:32:04', '2019-02-25 12:32:04');
INSERT INTO `user_option` VALUES ('user_a', 1, 3863, '2019-02-25 12:32:04', '2019-02-25 12:32:04');
INSERT INTO `user_option` VALUES ('user_a', 1, 3864, '2019-02-25 12:32:04', '2019-02-25 12:32:04');
INSERT INTO `user_option` VALUES ('user_a', 1, 3865, '2019-02-25 12:32:04', '2019-02-25 12:32:04');
INSERT INTO `user_option` VALUES ('user_a', 1, 3866, '2019-02-25 12:32:04', '2019-02-25 12:32:04');
INSERT INTO `user_option` VALUES ('user_a', 1, 3867, '2019-02-25 12:32:05', '2019-02-25 12:32:05');
INSERT INTO `user_option` VALUES ('user_a', 1, 3868, '2019-02-25 12:32:05', '2019-02-25 12:32:05');
INSERT INTO `user_option` VALUES ('user_a', 1, 3869, '2019-02-25 12:32:05', '2019-02-25 12:32:05');
INSERT INTO `user_option` VALUES ('user_a', 1, 3870, '2019-02-25 12:32:05', '2019-02-25 12:32:05');
INSERT INTO `user_option` VALUES ('user_a', 1, 3871, '2019-02-25 12:32:05', '2019-02-25 12:32:05');
INSERT INTO `user_option` VALUES ('user_a', 1, 3872, '2019-02-25 12:32:05', '2019-02-25 12:32:05');
INSERT INTO `user_option` VALUES ('user_a', 1, 3873, '2019-02-25 12:32:05', '2019-02-25 12:32:05');
INSERT INTO `user_option` VALUES ('user_a', 1, 3874, '2019-02-25 12:32:05', '2019-02-25 12:32:05');
INSERT INTO `user_option` VALUES ('user_a', 1, 3875, '2019-02-25 12:32:05', '2019-02-25 12:32:05');
INSERT INTO `user_option` VALUES ('user_a', 1, 3876, '2019-02-25 12:32:05', '2019-02-25 12:32:05');
INSERT INTO `user_option` VALUES ('user_a', 1, 3877, '2019-02-25 12:32:05', '2019-02-25 12:32:05');
INSERT INTO `user_option` VALUES ('user_a', 1, 3878, '2019-02-25 12:32:05', '2019-02-25 12:32:05');
INSERT INTO `user_option` VALUES ('user_a', 1, 3879, '2019-02-25 12:32:05', '2019-02-25 12:32:05');
INSERT INTO `user_option` VALUES ('user_a', 1, 3880, '2019-02-25 12:32:05', '2019-02-25 12:32:05');
INSERT INTO `user_option` VALUES ('user_a', 1, 3881, '2019-02-25 12:32:05', '2019-02-25 12:32:05');
INSERT INTO `user_option` VALUES ('user_a', 1, 3882, '2019-02-25 12:32:05', '2019-02-25 12:32:05');
INSERT INTO `user_option` VALUES ('user_a', 1, 3883, '2019-02-25 12:32:05', '2019-02-25 12:32:05');
INSERT INTO `user_option` VALUES ('user_a', 1, 3884, '2019-02-25 12:32:05', '2019-02-25 12:32:05');
INSERT INTO `user_option` VALUES ('user_a', 1, 3885, '2019-02-25 12:32:05', '2019-02-25 12:32:05');
INSERT INTO `user_option` VALUES ('user_a', 1, 3886, '2019-02-25 12:32:05', '2019-02-25 12:32:05');
INSERT INTO `user_option` VALUES ('user_a', 1, 3887, '2019-02-25 12:32:05', '2019-02-25 12:32:05');
INSERT INTO `user_option` VALUES ('user_a', 1, 3888, '2019-02-25 12:32:05', '2019-02-25 12:32:05');
INSERT INTO `user_option` VALUES ('user_a', 1, 3889, '2019-02-25 12:32:05', '2019-02-25 12:32:05');
INSERT INTO `user_option` VALUES ('user_a', 1, 3890, '2019-02-25 12:32:05', '2019-02-25 12:32:05');
INSERT INTO `user_option` VALUES ('user_a', 2, 3891, '2019-02-25 12:32:05', '2019-02-25 12:32:05');
INSERT INTO `user_option` VALUES ('user_a', 2, 3892, '2019-02-25 12:32:05', '2019-02-25 12:32:05');
INSERT INTO `user_option` VALUES ('user_a', 2, 3893, '2019-02-25 12:32:05', '2019-02-25 12:32:05');
INSERT INTO `user_option` VALUES ('user_a', 2, 3894, '2019-02-25 12:32:05', '2019-02-25 12:32:05');
INSERT INTO `user_option` VALUES ('user_a', 2, 3895, '2019-02-25 12:32:05', '2019-02-25 12:32:05');
INSERT INTO `user_option` VALUES ('user_a', 2, 3896, '2019-02-25 12:32:05', '2019-02-25 12:32:05');
INSERT INTO `user_option` VALUES ('user_a', 2, 3897, '2019-02-25 12:32:05', '2019-02-25 12:32:05');
INSERT INTO `user_option` VALUES ('user_a', 2, 3898, '2019-02-25 12:32:05', '2019-02-25 12:32:05');
INSERT INTO `user_option` VALUES ('user_a', 2, 3899, '2019-02-25 12:32:05', '2019-02-25 12:32:05');
INSERT INTO `user_option` VALUES ('user_a', 2, 3901, '2019-02-25 12:32:05', '2019-02-25 12:32:05');
INSERT INTO `user_option` VALUES ('user_a', 2, 3902, '2019-02-25 12:32:05', '2019-02-25 12:32:05');
INSERT INTO `user_option` VALUES ('user_a', 2, 3903, '2019-02-25 12:32:05', '2019-02-25 12:32:05');
INSERT INTO `user_option` VALUES ('user_a', 2, 3904, '2019-02-25 12:32:05', '2019-02-25 12:32:05');
INSERT INTO `user_option` VALUES ('user_a', 2, 3905, '2019-02-25 12:32:05', '2019-02-25 12:32:05');
INSERT INTO `user_option` VALUES ('user_a', 2, 3906, '2019-02-25 12:32:05', '2019-02-25 12:32:05');
INSERT INTO `user_option` VALUES ('user_a', 2, 3907, '2019-02-25 12:32:05', '2019-02-25 12:32:05');
INSERT INTO `user_option` VALUES ('user_a', 2, 3908, '2019-02-25 12:32:05', '2019-02-25 12:32:05');
INSERT INTO `user_option` VALUES ('user_a', 2, 3909, '2019-02-25 12:32:05', '2019-02-25 12:32:05');
INSERT INTO `user_option` VALUES ('user_a', 2, 3910, '2019-02-25 12:32:05', '2019-02-25 12:32:05');
INSERT INTO `user_option` VALUES ('user_a', 2, 3911, '2019-02-25 12:32:05', '2019-02-25 12:32:05');
INSERT INTO `user_option` VALUES ('user_a', 2, 3912, '2019-02-25 12:32:05', '2019-02-25 12:32:05');
INSERT INTO `user_option` VALUES ('user_a', 2, 3913, '2019-02-25 12:32:05', '2019-02-25 12:32:05');
INSERT INTO `user_option` VALUES ('user_a', 2, 3914, '2019-02-25 12:32:05', '2019-02-25 12:32:05');
INSERT INTO `user_option` VALUES ('user_a', 2, 3915, '2019-02-25 12:32:05', '2019-02-25 12:32:05');
INSERT INTO `user_option` VALUES ('user_a', 2, 3916, '2019-02-25 12:32:05', '2019-02-25 12:32:05');
INSERT INTO `user_option` VALUES ('user_a', 2, 3917, '2019-02-25 12:32:05', '2019-02-25 12:32:05');
INSERT INTO `user_option` VALUES ('user_a', 2, 3918, '2019-02-25 12:32:05', '2019-02-25 12:32:05');
INSERT INTO `user_option` VALUES ('user_a', 2, 3919, '2019-02-25 12:32:05', '2019-02-25 12:32:05');
INSERT INTO `user_option` VALUES ('user_a', 2, 3920, '2019-02-25 12:32:05', '2019-02-25 12:32:05');
INSERT INTO `user_option` VALUES ('user_a', 2, 3947, '2019-02-25 12:32:05', '2019-02-25 12:32:05');
INSERT INTO `user_option` VALUES ('user_a', 2, 3948, '2019-02-25 12:32:05', '2019-02-25 12:32:05');
INSERT INTO `user_option` VALUES ('user_a', 2, 3949, '2019-02-25 12:32:05', '2019-02-25 12:32:05');
INSERT INTO `user_option` VALUES ('user_a', 2, 3950, '2019-02-25 12:32:05', '2019-02-25 12:32:05');
INSERT INTO `user_option` VALUES ('user_a', 2, 3951, '2019-02-25 12:32:05', '2019-02-25 12:32:05');
INSERT INTO `user_option` VALUES ('user_a', 2, 3952, '2019-02-25 12:32:05', '2019-02-25 12:32:05');
INSERT INTO `user_option` VALUES ('user_a', 2, 3953, '2019-02-25 12:32:05', '2019-02-25 12:32:05');
INSERT INTO `user_option` VALUES ('user_a', 2, 3954, '2019-02-25 12:32:05', '2019-02-25 12:32:05');
INSERT INTO `user_option` VALUES ('user_a', 2, 3955, '2019-02-25 12:32:05', '2019-02-25 12:32:05');
INSERT INTO `user_option` VALUES ('user_a', 2, 3956, '2019-02-25 12:32:05', '2019-02-25 12:32:05');
INSERT INTO `user_option` VALUES ('user_a', 2, 3957, '2019-02-25 12:32:05', '2019-02-25 12:32:05');
INSERT INTO `user_option` VALUES ('user_a', 2, 3958, '2019-02-25 12:32:05', '2019-02-25 12:32:05');
INSERT INTO `user_option` VALUES ('user_a', 2, 3959, '2019-02-25 12:32:05', '2019-02-25 12:32:05');
INSERT INTO `user_option` VALUES ('user_a', 2, 3960, '2019-02-25 12:32:05', '2019-02-25 12:32:05');
INSERT INTO `user_option` VALUES ('user_a', 2, 3961, '2019-02-25 12:32:05', '2019-02-25 12:32:05');
INSERT INTO `user_option` VALUES ('user_a', 2, 3962, '2019-02-25 12:32:05', '2019-02-25 12:32:05');
INSERT INTO `user_option` VALUES ('user_a', 2, 3963, '2019-02-25 12:32:05', '2019-02-25 12:32:05');
INSERT INTO `user_option` VALUES ('user_a', 2, 3964, '2019-02-25 12:32:05', '2019-02-25 12:32:05');
INSERT INTO `user_option` VALUES ('user_a', 2, 3965, '2019-02-25 12:32:05', '2019-02-25 12:32:05');
INSERT INTO `user_option` VALUES ('user_a', 2, 3966, '2019-02-25 12:32:05', '2019-02-25 12:32:05');
INSERT INTO `user_option` VALUES ('user_a', 2, 3967, '2019-02-25 12:32:05', '2019-02-25 12:32:05');
INSERT INTO `user_option` VALUES ('user_a', 2, 3968, '2019-02-25 12:32:05', '2019-02-25 12:32:05');
INSERT INTO `user_option` VALUES ('user_a', 2, 3969, '2019-02-25 12:32:05', '2019-02-25 12:32:05');
INSERT INTO `user_option` VALUES ('user_a', 2, 3970, '2019-02-25 12:32:05', '2019-02-25 12:32:05');
INSERT INTO `user_option` VALUES ('user_a', 2, 3971, '2019-02-25 12:32:05', '2019-02-25 12:32:05');
INSERT INTO `user_option` VALUES ('user_a', 2, 3972, '2019-02-25 12:32:05', '2019-02-25 12:32:05');
INSERT INTO `user_option` VALUES ('user_a', 2, 3973, '2019-02-25 12:32:05', '2019-02-25 12:32:05');
INSERT INTO `user_option` VALUES ('user_a', 2, 3974, '2019-02-25 12:32:05', '2019-02-25 12:32:05');
INSERT INTO `user_option` VALUES ('user_a', 2, 3975, '2019-02-25 12:32:05', '2019-02-25 12:32:05');
INSERT INTO `user_option` VALUES ('user_a', 2, 3976, '2019-02-25 12:32:05', '2019-02-25 12:32:05');
INSERT INTO `user_option` VALUES ('user_a', 2, 3977, '2019-02-25 12:32:05', '2019-02-25 12:32:05');
INSERT INTO `user_option` VALUES ('user_a', 2, 3978, '2019-02-25 12:32:05', '2019-02-25 12:32:05');
INSERT INTO `user_option` VALUES ('user_a', 2, 3979, '2019-02-25 12:32:05', '2019-02-25 12:32:05');
INSERT INTO `user_option` VALUES ('user_a', 2, 3980, '2019-02-25 12:32:05', '2019-02-25 12:32:05');
INSERT INTO `user_option` VALUES ('user_a', 2, 3981, '2019-02-25 12:32:05', '2019-02-25 12:32:05');
INSERT INTO `user_option` VALUES ('user_a', 2, 3982, '2019-02-25 12:32:05', '2019-02-25 12:32:05');
INSERT INTO `user_option` VALUES ('user_a', 2, 3983, '2019-02-25 12:32:05', '2019-02-25 12:32:05');
INSERT INTO `user_option` VALUES ('user_a', 2, 3984, '2019-02-25 12:32:05', '2019-02-25 12:32:05');
INSERT INTO `user_option` VALUES ('user_a', 2, 3985, '2019-02-25 12:32:05', '2019-02-25 12:32:05');
INSERT INTO `user_option` VALUES ('user_a', 2, 3986, '2019-02-25 12:32:05', '2019-02-25 12:32:05');
INSERT INTO `user_option` VALUES ('user_a', 2, 3987, '2019-02-25 12:32:05', '2019-02-25 12:32:05');
INSERT INTO `user_option` VALUES ('user_a', 2, 3988, '2019-02-25 12:32:05', '2019-02-25 12:32:05');
INSERT INTO `user_option` VALUES ('user_a', 2, 3989, '2019-02-25 12:32:05', '2019-02-25 12:32:05');
INSERT INTO `user_option` VALUES ('user_a', 2, 4013, '2019-02-25 12:32:06', '2019-02-25 12:32:06');
INSERT INTO `user_option` VALUES ('user_a', 2, 4014, '2019-02-25 12:32:06', '2019-02-25 12:32:06');
INSERT INTO `user_option` VALUES ('user_a', 2, 4015, '2019-02-25 12:32:06', '2019-02-25 12:32:06');
INSERT INTO `user_option` VALUES ('user_a', 2, 4016, '2019-02-25 12:32:06', '2019-02-25 12:32:06');
INSERT INTO `user_option` VALUES ('user_a', 2, 4017, '2019-02-25 12:32:06', '2019-02-25 12:32:06');
INSERT INTO `user_option` VALUES ('user_a', 2, 4018, '2019-02-25 12:32:06', '2019-02-25 12:32:06');
INSERT INTO `user_option` VALUES ('user_a', 2, 4019, '2019-02-25 12:32:06', '2019-02-25 12:32:06');
INSERT INTO `user_option` VALUES ('user_a', 2, 4020, '2019-02-25 12:32:06', '2019-02-25 12:32:06');
INSERT INTO `user_option` VALUES ('user_a', 2, 4021, '2019-02-25 12:32:06', '2019-02-25 12:32:06');
INSERT INTO `user_option` VALUES ('user_a', 2, 4022, '2019-02-25 12:32:06', '2019-02-25 12:32:06');
INSERT INTO `user_option` VALUES ('user_a', 2, 4023, '2019-02-25 12:32:06', '2019-02-25 12:32:06');
INSERT INTO `user_option` VALUES ('user_a', 2, 4024, '2019-02-25 12:32:06', '2019-02-25 12:32:06');
INSERT INTO `user_option` VALUES ('user_a', 2, 4025, '2019-02-25 12:32:06', '2019-02-25 12:32:06');
INSERT INTO `user_option` VALUES ('user_a', 2, 4026, '2019-02-25 12:32:06', '2019-02-25 12:32:06');
INSERT INTO `user_option` VALUES ('user_a', 2, 4027, '2019-02-25 12:32:06', '2019-02-25 12:32:06');
INSERT INTO `user_option` VALUES ('user_a', 2, 4028, '2019-02-25 12:32:06', '2019-02-25 12:32:06');
INSERT INTO `user_option` VALUES ('user_a', 2, 4029, '2019-02-25 12:32:06', '2019-02-25 12:32:06');
INSERT INTO `user_option` VALUES ('user_a', 2, 4030, '2019-02-25 12:32:06', '2019-02-25 12:32:06');
INSERT INTO `user_option` VALUES ('user_a', 2, 4031, '2019-02-25 12:32:06', '2019-02-25 12:32:06');
INSERT INTO `user_option` VALUES ('user_a', 2, 4032, '2019-02-25 12:32:06', '2019-02-25 12:32:06');
INSERT INTO `user_option` VALUES ('user_a', 2, 4033, '2019-02-25 12:32:06', '2019-02-25 12:32:06');
INSERT INTO `user_option` VALUES ('user_a', 2, 4034, '2019-02-25 12:32:06', '2019-02-25 12:32:06');
INSERT INTO `user_option` VALUES ('user_a', 2, 4035, '2019-02-25 12:32:06', '2019-02-25 12:32:06');
INSERT INTO `user_option` VALUES ('user_a', 2, 4036, '2019-02-25 12:32:06', '2019-02-25 12:32:06');
INSERT INTO `user_option` VALUES ('user_a', 2, 4037, '2019-02-25 12:32:06', '2019-02-25 12:32:06');
INSERT INTO `user_option` VALUES ('user_a', 2, 4038, '2019-02-25 12:32:06', '2019-02-25 12:32:06');
INSERT INTO `user_option` VALUES ('user_a', 2, 4039, '2019-02-25 12:32:06', '2019-02-25 12:32:06');
INSERT INTO `user_option` VALUES ('user_a', 2, 4040, '2019-02-25 12:32:06', '2019-02-25 12:32:06');
INSERT INTO `user_option` VALUES ('user_a', 2, 4041, '2019-02-25 12:32:06', '2019-02-25 12:32:06');
INSERT INTO `user_option` VALUES ('user_a', 2, 4042, '2019-02-25 12:32:06', '2019-02-25 12:32:06');
INSERT INTO `user_option` VALUES ('user_a', 2, 4043, '2019-02-25 12:32:06', '2019-02-25 12:32:06');
INSERT INTO `user_option` VALUES ('user_a', 2, 4044, '2019-02-25 12:32:06', '2019-02-25 12:32:06');
INSERT INTO `user_option` VALUES ('user_a', 2, 4045, '2019-02-25 12:32:06', '2019-02-25 12:32:06');
INSERT INTO `user_option` VALUES ('user_a', 2, 4046, '2019-02-25 12:32:06', '2019-02-25 12:32:06');
INSERT INTO `user_option` VALUES ('user_a', 2, 4047, '2019-02-25 12:32:06', '2019-02-25 12:32:06');
INSERT INTO `user_option` VALUES ('user_a', 2, 4048, '2019-02-25 12:32:06', '2019-02-25 12:32:06');
INSERT INTO `user_option` VALUES ('user_a', 2, 4049, '2019-02-25 12:32:06', '2019-02-25 12:32:06');
INSERT INTO `user_option` VALUES ('user_a', 2, 4050, '2019-02-25 12:32:06', '2019-02-25 12:32:06');
INSERT INTO `user_option` VALUES ('user_a', 2, 4051, '2019-02-25 12:32:06', '2019-02-25 12:32:06');
INSERT INTO `user_option` VALUES ('user_a', 2, 4077, '2019-02-25 12:32:06', '2019-02-25 12:32:06');
INSERT INTO `user_option` VALUES ('user_a', 2, 4078, '2019-02-25 12:32:06', '2019-02-25 12:32:06');
INSERT INTO `user_option` VALUES ('user_a', 2, 4079, '2019-02-25 12:32:06', '2019-02-25 12:32:06');
INSERT INTO `user_option` VALUES ('user_a', 2, 4080, '2019-02-25 12:32:06', '2019-02-25 12:32:06');
INSERT INTO `user_option` VALUES ('user_a', 2, 4081, '2019-02-25 12:32:06', '2019-02-25 12:32:06');
INSERT INTO `user_option` VALUES ('user_a', 2, 4082, '2019-02-25 12:32:06', '2019-02-25 12:32:06');
INSERT INTO `user_option` VALUES ('user_a', 2, 4083, '2019-02-25 12:32:06', '2019-02-25 12:32:06');
INSERT INTO `user_option` VALUES ('user_a', 2, 4084, '2019-02-25 12:32:06', '2019-02-25 12:32:06');
INSERT INTO `user_option` VALUES ('user_a', 2, 4085, '2019-02-25 12:32:06', '2019-02-25 12:32:06');
INSERT INTO `user_option` VALUES ('user_a', 2, 4086, '2019-02-25 12:32:06', '2019-02-25 12:32:06');
INSERT INTO `user_option` VALUES ('user_a', 2, 4087, '2019-02-25 12:32:06', '2019-02-25 12:32:06');
INSERT INTO `user_option` VALUES ('user_a', 2, 4088, '2019-02-25 12:32:06', '2019-02-25 12:32:06');
INSERT INTO `user_option` VALUES ('user_a', 2, 4089, '2019-02-25 12:32:06', '2019-02-25 12:32:06');
INSERT INTO `user_option` VALUES ('user_a', 2, 4090, '2019-02-25 12:32:06', '2019-02-25 12:32:06');
INSERT INTO `user_option` VALUES ('user_a', 2, 4091, '2019-02-25 12:32:06', '2019-02-25 12:32:06');
INSERT INTO `user_option` VALUES ('user_a', 2, 4092, '2019-02-25 12:32:06', '2019-02-25 12:32:06');
INSERT INTO `user_option` VALUES ('user_a', 2, 4093, '2019-02-25 12:32:06', '2019-02-25 12:32:06');
INSERT INTO `user_option` VALUES ('user_a', 2, 4094, '2019-02-25 12:32:06', '2019-02-25 12:32:06');
INSERT INTO `user_option` VALUES ('user_a', 2, 4095, '2019-02-25 12:32:06', '2019-02-25 12:32:06');
INSERT INTO `user_option` VALUES ('user_a', 2, 4096, '2019-02-25 12:32:06', '2019-02-25 12:32:06');
INSERT INTO `user_option` VALUES ('user_a', 2, 4097, '2019-02-25 12:32:06', '2019-02-25 12:32:06');
INSERT INTO `user_option` VALUES ('user_a', 2, 4098, '2019-02-25 12:32:06', '2019-02-25 12:32:06');
INSERT INTO `user_option` VALUES ('user_a', 2, 4099, '2019-02-25 12:32:06', '2019-02-25 12:32:06');
INSERT INTO `user_option` VALUES ('user_a', 2, 4100, '2019-02-25 12:32:06', '2019-02-25 12:32:06');
INSERT INTO `user_option` VALUES ('user_a', 2, 4101, '2019-02-25 12:32:06', '2019-02-25 12:32:06');
INSERT INTO `user_option` VALUES ('user_a', 2, 4102, '2019-02-25 12:32:06', '2019-02-25 12:32:06');
INSERT INTO `user_option` VALUES ('user_a', 2, 4103, '2019-02-25 12:32:06', '2019-02-25 12:32:06');
INSERT INTO `user_option` VALUES ('user_a', 2, 4104, '2019-02-25 12:32:06', '2019-02-25 12:32:06');
INSERT INTO `user_option` VALUES ('user_a', 2, 4105, '2019-02-25 12:32:06', '2019-02-25 12:32:06');
INSERT INTO `user_option` VALUES ('user_a', 2, 4106, '2019-02-25 12:32:06', '2019-02-25 12:32:06');
INSERT INTO `user_option` VALUES ('user_b', 1, 3675, '2019-02-25 12:32:03', '2019-02-25 12:32:03');
INSERT INTO `user_option` VALUES ('user_b', 1, 3702, '2019-02-25 12:32:03', '2019-02-25 12:32:03');
INSERT INTO `user_option` VALUES ('user_b', 1, 3703, '2019-02-25 12:32:03', '2019-02-25 12:32:03');
INSERT INTO `user_option` VALUES ('user_b', 1, 3704, '2019-02-25 12:32:03', '2019-02-25 12:32:03');
INSERT INTO `user_option` VALUES ('user_b', 1, 3705, '2019-02-25 12:32:03', '2019-02-25 12:32:03');
INSERT INTO `user_option` VALUES ('user_b', 1, 3706, '2019-02-25 12:32:03', '2019-02-25 12:32:03');
INSERT INTO `user_option` VALUES ('user_b', 1, 3707, '2019-02-25 12:32:03', '2019-02-25 12:32:03');
INSERT INTO `user_option` VALUES ('user_b', 1, 3708, '2019-02-25 12:32:03', '2019-02-25 12:32:03');
INSERT INTO `user_option` VALUES ('user_b', 1, 3709, '2019-02-25 12:32:03', '2019-02-25 12:32:03');
INSERT INTO `user_option` VALUES ('user_b', 1, 3710, '2019-02-25 12:32:03', '2019-02-25 12:32:03');
INSERT INTO `user_option` VALUES ('user_b', 1, 3711, '2019-02-25 12:32:03', '2019-02-25 12:32:03');
INSERT INTO `user_option` VALUES ('user_b', 1, 3712, '2019-02-25 12:32:03', '2019-02-25 12:32:03');
INSERT INTO `user_option` VALUES ('user_b', 1, 3713, '2019-02-25 12:32:03', '2019-02-25 12:32:03');
INSERT INTO `user_option` VALUES ('user_b', 1, 3714, '2019-02-25 12:32:03', '2019-02-25 12:32:03');
INSERT INTO `user_option` VALUES ('user_b', 1, 3715, '2019-02-25 12:32:03', '2019-02-25 12:32:03');
INSERT INTO `user_option` VALUES ('user_b', 1, 3716, '2019-02-25 12:32:03', '2019-02-25 12:32:03');
INSERT INTO `user_option` VALUES ('user_b', 1, 3717, '2019-02-25 12:32:03', '2019-02-25 12:32:03');
INSERT INTO `user_option` VALUES ('user_b', 1, 3718, '2019-02-25 12:32:03', '2019-02-25 12:32:03');
INSERT INTO `user_option` VALUES ('user_b', 1, 3719, '2019-02-25 12:32:03', '2019-02-25 12:32:03');
INSERT INTO `user_option` VALUES ('user_b', 1, 3720, '2019-02-25 12:32:03', '2019-02-25 12:32:03');
INSERT INTO `user_option` VALUES ('user_b', 1, 3721, '2019-02-25 12:32:03', '2019-02-25 12:32:03');
INSERT INTO `user_option` VALUES ('user_b', 1, 3722, '2019-02-25 12:32:03', '2019-02-25 12:32:03');
INSERT INTO `user_option` VALUES ('user_b', 1, 3766, '2019-02-25 12:32:04', '2019-02-25 12:32:04');
INSERT INTO `user_option` VALUES ('user_b', 1, 3767, '2019-02-25 12:32:04', '2019-02-25 12:32:04');
INSERT INTO `user_option` VALUES ('user_b', 1, 3768, '2019-02-25 12:32:04', '2019-02-25 12:32:04');
INSERT INTO `user_option` VALUES ('user_b', 1, 3769, '2019-02-25 12:32:04', '2019-02-25 12:32:04');
INSERT INTO `user_option` VALUES ('user_b', 1, 3770, '2019-02-25 12:32:04', '2019-02-25 12:32:04');
INSERT INTO `user_option` VALUES ('user_b', 1, 3771, '2019-02-25 12:32:04', '2019-02-25 12:32:04');
INSERT INTO `user_option` VALUES ('user_b', 1, 3772, '2019-02-25 12:32:04', '2019-02-25 12:32:04');
INSERT INTO `user_option` VALUES ('user_b', 1, 3773, '2019-02-25 12:32:04', '2019-02-25 12:32:04');
INSERT INTO `user_option` VALUES ('user_b', 1, 3774, '2019-02-25 12:32:04', '2019-02-25 12:32:04');
INSERT INTO `user_option` VALUES ('user_b', 1, 3775, '2019-02-25 12:32:04', '2019-02-25 12:32:04');
INSERT INTO `user_option` VALUES ('user_b', 1, 3776, '2019-02-25 12:32:04', '2019-02-25 12:32:04');
INSERT INTO `user_option` VALUES ('user_b', 1, 3777, '2019-02-25 12:32:04', '2019-02-25 12:32:04');
INSERT INTO `user_option` VALUES ('user_b', 1, 3778, '2019-02-25 12:32:04', '2019-02-25 12:32:04');
INSERT INTO `user_option` VALUES ('user_b', 1, 3779, '2019-02-25 12:32:04', '2019-02-25 12:32:04');
INSERT INTO `user_option` VALUES ('user_b', 1, 3780, '2019-02-25 12:32:04', '2019-02-25 12:32:04');
INSERT INTO `user_option` VALUES ('user_b', 1, 3781, '2019-02-25 12:32:04', '2019-02-25 12:32:04');
INSERT INTO `user_option` VALUES ('user_b', 1, 3782, '2019-02-25 12:32:04', '2019-02-25 12:32:04');
INSERT INTO `user_option` VALUES ('user_b', 1, 3783, '2019-02-25 12:32:04', '2019-02-25 12:32:04');
INSERT INTO `user_option` VALUES ('user_b', 1, 3784, '2019-02-25 12:32:04', '2019-02-25 12:32:04');
INSERT INTO `user_option` VALUES ('user_b', 1, 3785, '2019-02-25 12:32:04', '2019-02-25 12:32:04');
INSERT INTO `user_option` VALUES ('user_b', 1, 3786, '2019-02-25 12:32:04', '2019-02-25 12:32:04');
INSERT INTO `user_option` VALUES ('user_b', 1, 3787, '2019-02-25 12:32:04', '2019-02-25 12:32:04');
INSERT INTO `user_option` VALUES ('user_b', 1, 3788, '2019-02-25 12:32:04', '2019-02-25 12:32:04');
INSERT INTO `user_option` VALUES ('user_b', 1, 3789, '2019-02-25 12:32:04', '2019-02-25 12:32:04');
INSERT INTO `user_option` VALUES ('user_b', 1, 3790, '2019-02-25 12:32:04', '2019-02-25 12:32:04');
INSERT INTO `user_option` VALUES ('user_b', 1, 3791, '2019-02-25 12:32:04', '2019-02-25 12:32:04');
INSERT INTO `user_option` VALUES ('user_b', 1, 3792, '2019-02-25 12:32:04', '2019-02-25 12:32:04');
INSERT INTO `user_option` VALUES ('user_b', 1, 3793, '2019-02-25 12:32:04', '2019-02-25 12:32:04');
INSERT INTO `user_option` VALUES ('user_b', 1, 3794, '2019-02-25 12:32:04', '2019-02-25 12:32:04');
INSERT INTO `user_option` VALUES ('user_b', 1, 3795, '2019-02-25 12:32:04', '2019-02-25 12:32:04');
INSERT INTO `user_option` VALUES ('user_b', 1, 3796, '2019-02-25 12:32:04', '2019-02-25 12:32:04');
INSERT INTO `user_option` VALUES ('user_b', 1, 3797, '2019-02-25 12:32:04', '2019-02-25 12:32:04');
INSERT INTO `user_option` VALUES ('user_b', 1, 3798, '2019-02-25 12:32:04', '2019-02-25 12:32:04');
INSERT INTO `user_option` VALUES ('user_b', 1, 3799, '2019-02-25 12:32:04', '2019-02-25 12:32:04');
INSERT INTO `user_option` VALUES ('user_b', 1, 3800, '2019-02-25 12:32:04', '2019-02-25 12:32:04');
INSERT INTO `user_option` VALUES ('user_b', 1, 3801, '2019-02-25 12:32:04', '2019-02-25 12:32:04');
INSERT INTO `user_option` VALUES ('user_b', 1, 3802, '2019-02-25 12:32:04', '2019-02-25 12:32:04');
INSERT INTO `user_option` VALUES ('user_b', 1, 3803, '2019-02-25 12:32:04', '2019-02-25 12:32:04');
INSERT INTO `user_option` VALUES ('user_b', 1, 3804, '2019-02-25 12:32:04', '2019-02-25 12:32:04');
INSERT INTO `user_option` VALUES ('user_b', 1, 3805, '2019-02-25 12:32:04', '2019-02-25 12:32:04');
INSERT INTO `user_option` VALUES ('user_b', 1, 3806, '2019-02-25 12:32:04', '2019-02-25 12:32:04');
INSERT INTO `user_option` VALUES ('user_b', 1, 3807, '2019-02-25 12:32:04', '2019-02-25 12:32:04');
INSERT INTO `user_option` VALUES ('user_b', 1, 3808, '2019-02-25 12:32:04', '2019-02-25 12:32:04');
INSERT INTO `user_option` VALUES ('user_b', 1, 3809, '2019-02-25 12:32:04', '2019-02-25 12:32:04');
INSERT INTO `user_option` VALUES ('user_b', 1, 3810, '2019-02-25 12:32:04', '2019-02-25 12:32:04');
INSERT INTO `user_option` VALUES ('user_b', 1, 3811, '2019-02-25 12:32:04', '2019-02-25 12:32:04');
INSERT INTO `user_option` VALUES ('user_b', 1, 3812, '2019-02-25 12:32:04', '2019-02-25 12:32:04');
INSERT INTO `user_option` VALUES ('user_b', 1, 3813, '2019-02-25 12:32:04', '2019-02-25 12:32:04');
INSERT INTO `user_option` VALUES ('user_b', 1, 3814, '2019-02-25 12:32:04', '2019-02-25 12:32:04');
INSERT INTO `user_option` VALUES ('user_b', 1, 3815, '2019-02-25 12:32:04', '2019-02-25 12:32:04');
INSERT INTO `user_option` VALUES ('user_b', 1, 3816, '2019-02-25 12:32:04', '2019-02-25 12:32:04');
INSERT INTO `user_option` VALUES ('user_b', 1, 3817, '2019-02-25 12:32:04', '2019-02-25 12:32:04');
INSERT INTO `user_option` VALUES ('user_b', 1, 3818, '2019-02-25 12:32:04', '2019-02-25 12:32:04');
INSERT INTO `user_option` VALUES ('user_b', 1, 3819, '2019-02-25 12:32:04', '2019-02-25 12:32:04');
INSERT INTO `user_option` VALUES ('user_b', 1, 3820, '2019-02-25 12:32:04', '2019-02-25 12:32:04');
INSERT INTO `user_option` VALUES ('user_b', 1, 3821, '2019-02-25 12:32:04', '2019-02-25 12:32:04');
INSERT INTO `user_option` VALUES ('user_b', 1, 3822, '2019-02-25 12:32:04', '2019-02-25 12:32:04');
INSERT INTO `user_option` VALUES ('user_b', 1, 3823, '2019-02-25 12:32:04', '2019-02-25 12:32:04');
INSERT INTO `user_option` VALUES ('user_b', 1, 3824, '2019-02-25 12:32:04', '2019-02-25 12:32:04');
INSERT INTO `user_option` VALUES ('user_b', 1, 3825, '2019-02-25 12:32:04', '2019-02-25 12:32:04');
INSERT INTO `user_option` VALUES ('user_b', 1, 3826, '2019-02-25 12:32:04', '2019-02-25 12:32:04');
INSERT INTO `user_option` VALUES ('user_b', 1, 3827, '2019-02-25 12:32:04', '2019-02-25 12:32:04');
INSERT INTO `user_option` VALUES ('user_b', 1, 3828, '2019-02-25 12:32:04', '2019-02-25 12:32:04');
INSERT INTO `user_option` VALUES ('user_b', 1, 3829, '2019-02-25 12:32:04', '2019-02-25 12:32:04');
INSERT INTO `user_option` VALUES ('user_b', 1, 3830, '2019-02-25 12:32:04', '2019-02-25 12:32:04');
INSERT INTO `user_option` VALUES ('user_b', 1, 3831, '2019-02-25 12:32:04', '2019-02-25 12:32:04');
INSERT INTO `user_option` VALUES ('user_b', 1, 3832, '2019-02-25 12:32:04', '2019-02-25 12:32:04');
INSERT INTO `user_option` VALUES ('user_b', 1, 3833, '2019-02-25 12:32:04', '2019-02-25 12:32:04');
INSERT INTO `user_option` VALUES ('user_b', 1, 3834, '2019-02-25 12:32:04', '2019-02-25 12:32:04');
INSERT INTO `user_option` VALUES ('user_b', 1, 3835, '2019-02-25 12:32:04', '2019-02-25 12:32:04');
INSERT INTO `user_option` VALUES ('user_b', 1, 3836, '2019-02-25 12:32:04', '2019-02-25 12:32:04');
INSERT INTO `user_option` VALUES ('user_b', 1, 3837, '2019-02-25 12:32:04', '2019-02-25 12:32:04');
INSERT INTO `user_option` VALUES ('user_b', 1, 3838, '2019-02-25 12:32:04', '2019-02-25 12:32:04');
INSERT INTO `user_option` VALUES ('user_b', 1, 3839, '2019-02-25 12:32:04', '2019-02-25 12:32:04');
INSERT INTO `user_option` VALUES ('user_b', 1, 3840, '2019-02-25 12:32:04', '2019-02-25 12:32:04');
INSERT INTO `user_option` VALUES ('user_b', 1, 3841, '2019-02-25 12:32:04', '2019-02-25 12:32:04');
INSERT INTO `user_option` VALUES ('user_b', 1, 3842, '2019-02-25 12:32:04', '2019-02-25 12:32:04');
INSERT INTO `user_option` VALUES ('user_b', 1, 3843, '2019-02-25 12:32:04', '2019-02-25 12:32:04');
INSERT INTO `user_option` VALUES ('user_b', 1, 3844, '2019-02-25 12:32:04', '2019-02-25 12:32:04');
INSERT INTO `user_option` VALUES ('user_b', 1, 3845, '2019-02-25 12:32:04', '2019-02-25 12:32:04');
INSERT INTO `user_option` VALUES ('user_b', 1, 3846, '2019-02-25 12:32:04', '2019-02-25 12:32:04');
INSERT INTO `user_option` VALUES ('user_b', 1, 3847, '2019-02-25 12:32:04', '2019-02-25 12:32:04');
INSERT INTO `user_option` VALUES ('user_b', 1, 3848, '2019-02-25 12:32:04', '2019-02-25 12:32:04');
INSERT INTO `user_option` VALUES ('user_b', 1, 3849, '2019-02-25 12:32:04', '2019-02-25 12:32:04');
INSERT INTO `user_option` VALUES ('user_b', 1, 3850, '2019-02-25 12:32:04', '2019-02-25 12:32:04');
INSERT INTO `user_option` VALUES ('user_b', 1, 3851, '2019-02-25 12:32:04', '2019-02-25 12:32:04');
INSERT INTO `user_option` VALUES ('user_b', 1, 3852, '2019-02-25 12:32:04', '2019-02-25 12:32:04');
INSERT INTO `user_option` VALUES ('user_b', 1, 3853, '2019-02-25 12:32:04', '2019-02-25 12:32:04');
INSERT INTO `user_option` VALUES ('user_b', 1, 3854, '2019-02-25 12:32:04', '2019-02-25 12:32:04');
INSERT INTO `user_option` VALUES ('user_b', 1, 3855, '2019-02-25 12:32:04', '2019-02-25 12:32:04');
INSERT INTO `user_option` VALUES ('user_b', 1, 3856, '2019-02-25 12:32:04', '2019-02-25 12:32:04');
INSERT INTO `user_option` VALUES ('user_b', 1, 3857, '2019-02-25 12:32:04', '2019-02-25 12:32:04');
INSERT INTO `user_option` VALUES ('user_b', 1, 3858, '2019-02-25 12:32:04', '2019-02-25 12:32:04');
INSERT INTO `user_option` VALUES ('user_b', 1, 3859, '2019-02-25 12:32:04', '2019-02-25 12:32:04');
INSERT INTO `user_option` VALUES ('user_b', 1, 3860, '2019-02-25 12:32:04', '2019-02-25 12:32:04');
INSERT INTO `user_option` VALUES ('user_b', 1, 3861, '2019-02-25 12:32:04', '2019-02-25 12:32:04');
INSERT INTO `user_option` VALUES ('user_b', 1, 3862, '2019-02-25 12:32:04', '2019-02-25 12:32:04');
INSERT INTO `user_option` VALUES ('user_b', 1, 3863, '2019-02-25 12:32:04', '2019-02-25 12:32:04');
INSERT INTO `user_option` VALUES ('user_b', 1, 3864, '2019-02-25 12:32:04', '2019-02-25 12:32:04');
INSERT INTO `user_option` VALUES ('user_b', 1, 3865, '2019-02-25 12:32:04', '2019-02-25 12:32:04');
INSERT INTO `user_option` VALUES ('user_b', 1, 3866, '2019-02-25 12:32:04', '2019-02-25 12:32:04');
INSERT INTO `user_option` VALUES ('user_b', 1, 3867, '2019-02-25 12:32:05', '2019-02-25 12:32:05');
INSERT INTO `user_option` VALUES ('user_b', 1, 3868, '2019-02-25 12:32:05', '2019-02-25 12:32:05');
INSERT INTO `user_option` VALUES ('user_b', 1, 3869, '2019-02-25 12:32:05', '2019-02-25 12:32:05');
INSERT INTO `user_option` VALUES ('user_b', 1, 3870, '2019-02-25 12:32:05', '2019-02-25 12:32:05');
INSERT INTO `user_option` VALUES ('user_b', 1, 3871, '2019-02-25 12:32:05', '2019-02-25 12:32:05');
INSERT INTO `user_option` VALUES ('user_b', 1, 3872, '2019-02-25 12:32:05', '2019-02-25 12:32:05');
INSERT INTO `user_option` VALUES ('user_b', 1, 3873, '2019-02-25 12:32:05', '2019-02-25 12:32:05');
INSERT INTO `user_option` VALUES ('user_b', 1, 3874, '2019-02-25 12:32:05', '2019-02-25 12:32:05');
INSERT INTO `user_option` VALUES ('user_b', 1, 3875, '2019-02-25 12:32:05', '2019-02-25 12:32:05');
INSERT INTO `user_option` VALUES ('user_b', 1, 3876, '2019-02-25 12:32:05', '2019-02-25 12:32:05');
INSERT INTO `user_option` VALUES ('user_b', 1, 3877, '2019-02-25 12:32:05', '2019-02-25 12:32:05');
INSERT INTO `user_option` VALUES ('user_b', 1, 3878, '2019-02-25 12:32:05', '2019-02-25 12:32:05');
INSERT INTO `user_option` VALUES ('user_b', 1, 3879, '2019-02-25 12:32:05', '2019-02-25 12:32:05');
INSERT INTO `user_option` VALUES ('user_b', 1, 3880, '2019-02-25 12:32:05', '2019-02-25 12:32:05');
INSERT INTO `user_option` VALUES ('user_b', 1, 3881, '2019-02-25 12:32:05', '2019-02-25 12:32:05');
INSERT INTO `user_option` VALUES ('user_b', 1, 3882, '2019-02-25 12:32:05', '2019-02-25 12:32:05');
INSERT INTO `user_option` VALUES ('user_b', 1, 3883, '2019-02-25 12:32:05', '2019-02-25 12:32:05');
INSERT INTO `user_option` VALUES ('user_b', 1, 3884, '2019-02-25 12:32:05', '2019-02-25 12:32:05');
INSERT INTO `user_option` VALUES ('user_b', 1, 3885, '2019-02-25 12:32:05', '2019-02-25 12:32:05');
INSERT INTO `user_option` VALUES ('user_b', 1, 3886, '2019-02-25 12:32:05', '2019-02-25 12:32:05');
INSERT INTO `user_option` VALUES ('user_b', 1, 3887, '2019-02-25 12:32:05', '2019-02-25 12:32:05');
INSERT INTO `user_option` VALUES ('user_b', 1, 3888, '2019-02-25 12:32:05', '2019-02-25 12:32:05');
INSERT INTO `user_option` VALUES ('user_b', 1, 3889, '2019-02-25 12:32:05', '2019-02-25 12:32:05');
INSERT INTO `user_option` VALUES ('user_b', 1, 3890, '2019-02-25 12:32:05', '2019-02-25 12:32:05');
INSERT INTO `user_option` VALUES ('user_b', 2, 3891, '2019-02-25 12:32:05', '2019-02-25 12:32:05');
INSERT INTO `user_option` VALUES ('user_b', 2, 3892, '2019-02-25 12:32:05', '2019-02-25 12:32:05');
INSERT INTO `user_option` VALUES ('user_b', 2, 3893, '2019-02-25 12:32:05', '2019-02-25 12:32:05');
INSERT INTO `user_option` VALUES ('user_b', 2, 3894, '2019-02-25 12:32:05', '2019-02-25 12:32:05');
INSERT INTO `user_option` VALUES ('user_b', 2, 3895, '2019-02-25 12:32:05', '2019-02-25 12:32:05');
INSERT INTO `user_option` VALUES ('user_b', 2, 3896, '2019-02-25 12:32:05', '2019-02-25 12:32:05');
INSERT INTO `user_option` VALUES ('user_b', 2, 3897, '2019-02-25 12:32:05', '2019-02-25 12:32:05');
INSERT INTO `user_option` VALUES ('user_b', 2, 3898, '2019-02-25 12:32:05', '2019-02-25 12:32:05');
INSERT INTO `user_option` VALUES ('user_b', 2, 3899, '2019-02-25 12:32:05', '2019-02-25 12:32:05');
INSERT INTO `user_option` VALUES ('user_b', 2, 3900, '2019-02-25 12:32:05', '2019-02-25 12:32:05');
INSERT INTO `user_option` VALUES ('user_b', 2, 3901, '2019-02-25 12:32:05', '2019-02-25 12:32:05');
INSERT INTO `user_option` VALUES ('user_b', 2, 3902, '2019-02-25 12:32:05', '2019-02-25 12:32:05');
INSERT INTO `user_option` VALUES ('user_b', 2, 3903, '2019-02-25 12:32:05', '2019-02-25 12:32:05');
INSERT INTO `user_option` VALUES ('user_b', 2, 3904, '2019-02-25 12:32:05', '2019-02-25 12:32:05');
INSERT INTO `user_option` VALUES ('user_b', 2, 3905, '2019-02-25 12:32:05', '2019-02-25 12:32:05');
INSERT INTO `user_option` VALUES ('user_b', 2, 3906, '2019-02-25 12:32:05', '2019-02-25 12:32:05');
INSERT INTO `user_option` VALUES ('user_b', 2, 3907, '2019-02-25 12:32:05', '2019-02-25 12:32:05');
INSERT INTO `user_option` VALUES ('user_b', 2, 3908, '2019-02-25 12:32:05', '2019-02-25 12:32:05');
INSERT INTO `user_option` VALUES ('user_b', 2, 3909, '2019-02-25 12:32:05', '2019-02-25 12:32:05');
INSERT INTO `user_option` VALUES ('user_b', 2, 3910, '2019-02-25 12:32:05', '2019-02-25 12:32:05');
INSERT INTO `user_option` VALUES ('user_b', 2, 3911, '2019-02-25 12:32:05', '2019-02-25 12:32:05');
INSERT INTO `user_option` VALUES ('user_b', 2, 3912, '2019-02-25 12:32:05', '2019-02-25 12:32:05');
INSERT INTO `user_option` VALUES ('user_b', 2, 3913, '2019-02-25 12:32:05', '2019-02-25 12:32:05');
INSERT INTO `user_option` VALUES ('user_b', 2, 3914, '2019-02-25 12:32:05', '2019-02-25 12:32:05');
INSERT INTO `user_option` VALUES ('user_b', 2, 3915, '2019-02-25 12:32:05', '2019-02-25 12:32:05');
INSERT INTO `user_option` VALUES ('user_b', 2, 3916, '2019-02-25 12:32:05', '2019-02-25 12:32:05');
INSERT INTO `user_option` VALUES ('user_b', 2, 3917, '2019-02-25 12:32:05', '2019-02-25 12:32:05');
INSERT INTO `user_option` VALUES ('user_b', 2, 3918, '2019-02-25 12:32:05', '2019-02-25 12:32:05');
INSERT INTO `user_option` VALUES ('user_b', 2, 3919, '2019-02-25 12:32:05', '2019-02-25 12:32:05');
INSERT INTO `user_option` VALUES ('user_b', 2, 3920, '2019-02-25 12:32:05', '2019-02-25 12:32:05');
INSERT INTO `user_option` VALUES ('user_b', 2, 3921, '2019-02-25 12:32:05', '2019-02-25 12:32:05');
INSERT INTO `user_option` VALUES ('user_b', 2, 3922, '2019-02-25 12:32:05', '2019-02-25 12:32:05');
INSERT INTO `user_option` VALUES ('user_b', 2, 3923, '2019-02-25 12:32:05', '2019-02-25 12:32:05');
INSERT INTO `user_option` VALUES ('user_b', 2, 3924, '2019-02-25 12:32:05', '2019-02-25 12:32:05');
INSERT INTO `user_option` VALUES ('user_b', 2, 3925, '2019-02-25 12:32:05', '2019-02-25 12:32:05');
INSERT INTO `user_option` VALUES ('user_b', 2, 3926, '2019-02-25 12:32:05', '2019-02-25 12:32:05');
INSERT INTO `user_option` VALUES ('user_b', 2, 3927, '2019-02-25 12:32:05', '2019-02-25 12:32:05');
INSERT INTO `user_option` VALUES ('user_b', 2, 3928, '2019-02-25 12:32:05', '2019-02-25 12:32:05');
INSERT INTO `user_option` VALUES ('user_b', 2, 3929, '2019-02-25 12:32:05', '2019-02-25 12:32:05');
INSERT INTO `user_option` VALUES ('user_b', 2, 3930, '2019-02-25 12:32:05', '2019-02-25 12:32:05');
INSERT INTO `user_option` VALUES ('user_b', 2, 3931, '2019-02-25 12:32:05', '2019-02-25 12:32:05');
INSERT INTO `user_option` VALUES ('user_b', 2, 3932, '2019-02-25 12:32:05', '2019-02-25 12:32:05');
INSERT INTO `user_option` VALUES ('user_b', 2, 3933, '2019-02-25 12:32:05', '2019-02-25 12:32:05');
INSERT INTO `user_option` VALUES ('user_b', 2, 3934, '2019-02-25 12:32:05', '2019-02-25 12:32:05');
INSERT INTO `user_option` VALUES ('user_b', 2, 3935, '2019-02-25 12:32:05', '2019-02-25 12:32:05');
INSERT INTO `user_option` VALUES ('user_b', 2, 3936, '2019-02-25 12:32:05', '2019-02-25 12:32:05');
INSERT INTO `user_option` VALUES ('user_b', 2, 3937, '2019-02-25 12:32:05', '2019-02-25 12:32:05');
INSERT INTO `user_option` VALUES ('user_b', 2, 3938, '2019-02-25 12:32:05', '2019-02-25 12:32:05');
INSERT INTO `user_option` VALUES ('user_b', 2, 3939, '2019-02-25 12:32:05', '2019-02-25 12:32:05');
INSERT INTO `user_option` VALUES ('user_b', 2, 3940, '2019-02-25 12:32:05', '2019-02-25 12:32:05');
INSERT INTO `user_option` VALUES ('user_b', 2, 3941, '2019-02-25 12:32:05', '2019-02-25 12:32:05');
INSERT INTO `user_option` VALUES ('user_b', 2, 3942, '2019-02-25 12:32:05', '2019-02-25 12:32:05');
INSERT INTO `user_option` VALUES ('user_b', 2, 3943, '2019-02-25 12:32:05', '2019-02-25 12:32:05');
INSERT INTO `user_option` VALUES ('user_b', 2, 3944, '2019-02-25 12:32:05', '2019-02-25 12:32:05');
INSERT INTO `user_option` VALUES ('user_b', 2, 3945, '2019-02-25 12:32:05', '2019-02-25 12:32:05');
INSERT INTO `user_option` VALUES ('user_b', 2, 3946, '2019-02-25 12:32:05', '2019-02-25 12:32:05');
INSERT INTO `user_option` VALUES ('user_b', 2, 3947, '2019-02-25 12:32:05', '2019-02-25 12:32:05');
INSERT INTO `user_option` VALUES ('user_b', 2, 3990, '2019-02-25 12:32:05', '2019-02-25 12:32:05');
INSERT INTO `user_option` VALUES ('user_b', 2, 3991, '2019-02-25 12:32:05', '2019-02-25 12:32:05');
INSERT INTO `user_option` VALUES ('user_b', 2, 3992, '2019-02-25 12:32:05', '2019-02-25 12:32:05');
INSERT INTO `user_option` VALUES ('user_b', 2, 3993, '2019-02-25 12:32:05', '2019-02-25 12:32:05');
INSERT INTO `user_option` VALUES ('user_b', 2, 3994, '2019-02-25 12:32:05', '2019-02-25 12:32:05');
INSERT INTO `user_option` VALUES ('user_b', 2, 3995, '2019-02-25 12:32:05', '2019-02-25 12:32:05');
INSERT INTO `user_option` VALUES ('user_b', 2, 3996, '2019-02-25 12:32:05', '2019-02-25 12:32:05');
INSERT INTO `user_option` VALUES ('user_b', 2, 3997, '2019-02-25 12:32:05', '2019-02-25 12:32:05');
INSERT INTO `user_option` VALUES ('user_b', 2, 3998, '2019-02-25 12:32:05', '2019-02-25 12:32:05');
INSERT INTO `user_option` VALUES ('user_b', 2, 3999, '2019-02-25 12:32:05', '2019-02-25 12:32:05');
INSERT INTO `user_option` VALUES ('user_b', 2, 4000, '2019-02-25 12:32:05', '2019-02-25 12:32:05');
INSERT INTO `user_option` VALUES ('user_b', 2, 4001, '2019-02-25 12:32:05', '2019-02-25 12:32:05');
INSERT INTO `user_option` VALUES ('user_b', 2, 4002, '2019-02-25 12:32:05', '2019-02-25 12:32:05');
INSERT INTO `user_option` VALUES ('user_b', 2, 4003, '2019-02-25 12:32:05', '2019-02-25 12:32:05');
INSERT INTO `user_option` VALUES ('user_b', 2, 4004, '2019-02-25 12:32:05', '2019-02-25 12:32:05');
INSERT INTO `user_option` VALUES ('user_b', 2, 4005, '2019-02-25 12:32:05', '2019-02-25 12:32:05');
INSERT INTO `user_option` VALUES ('user_b', 2, 4006, '2019-02-25 12:32:06', '2019-02-25 12:32:06');
INSERT INTO `user_option` VALUES ('user_b', 2, 4007, '2019-02-25 12:32:06', '2019-02-25 12:32:06');
INSERT INTO `user_option` VALUES ('user_b', 2, 4008, '2019-02-25 12:32:06', '2019-02-25 12:32:06');
INSERT INTO `user_option` VALUES ('user_b', 2, 4009, '2019-02-25 12:32:06', '2019-02-25 12:32:06');
INSERT INTO `user_option` VALUES ('user_b', 2, 4010, '2019-02-25 12:32:06', '2019-02-25 12:32:06');
INSERT INTO `user_option` VALUES ('user_b', 2, 4011, '2019-02-25 12:32:06', '2019-02-25 12:32:06');
INSERT INTO `user_option` VALUES ('user_b', 2, 4012, '2019-02-25 12:32:06', '2019-02-25 12:32:06');
INSERT INTO `user_option` VALUES ('user_b', 2, 4052, '2019-02-25 12:32:06', '2019-02-25 12:32:06');
INSERT INTO `user_option` VALUES ('user_b', 2, 4053, '2019-02-25 12:32:06', '2019-02-25 12:32:06');
INSERT INTO `user_option` VALUES ('user_b', 2, 4054, '2019-02-25 12:32:06', '2019-02-25 12:32:06');
INSERT INTO `user_option` VALUES ('user_b', 2, 4055, '2019-02-25 12:32:06', '2019-02-25 12:32:06');
INSERT INTO `user_option` VALUES ('user_b', 2, 4056, '2019-02-25 12:32:06', '2019-02-25 12:32:06');
INSERT INTO `user_option` VALUES ('user_b', 2, 4057, '2019-02-25 12:32:06', '2019-02-25 12:32:06');
INSERT INTO `user_option` VALUES ('user_b', 2, 4058, '2019-02-25 12:32:06', '2019-02-25 12:32:06');
INSERT INTO `user_option` VALUES ('user_b', 2, 4059, '2019-02-25 12:32:06', '2019-02-25 12:32:06');
INSERT INTO `user_option` VALUES ('user_b', 2, 4060, '2019-02-25 12:32:06', '2019-02-25 12:32:06');
INSERT INTO `user_option` VALUES ('user_b', 2, 4061, '2019-02-25 12:32:06', '2019-02-25 12:32:06');
INSERT INTO `user_option` VALUES ('user_b', 2, 4062, '2019-02-25 12:32:06', '2019-02-25 12:32:06');
INSERT INTO `user_option` VALUES ('user_b', 2, 4063, '2019-02-25 12:32:06', '2019-02-25 12:32:06');
INSERT INTO `user_option` VALUES ('user_b', 2, 4064, '2019-02-25 12:32:06', '2019-02-25 12:32:06');
INSERT INTO `user_option` VALUES ('user_b', 2, 4065, '2019-02-25 12:32:06', '2019-02-25 12:32:06');
INSERT INTO `user_option` VALUES ('user_b', 2, 4066, '2019-02-25 12:32:06', '2019-02-25 12:32:06');
INSERT INTO `user_option` VALUES ('user_b', 2, 4067, '2019-02-25 12:32:06', '2019-02-25 12:32:06');
INSERT INTO `user_option` VALUES ('user_b', 2, 4068, '2019-02-25 12:32:06', '2019-02-25 12:32:06');
INSERT INTO `user_option` VALUES ('user_b', 2, 4069, '2019-02-25 12:32:06', '2019-02-25 12:32:06');
INSERT INTO `user_option` VALUES ('user_b', 2, 4070, '2019-02-25 12:32:06', '2019-02-25 12:32:06');
INSERT INTO `user_option` VALUES ('user_b', 2, 4071, '2019-02-25 12:32:06', '2019-02-25 12:32:06');
INSERT INTO `user_option` VALUES ('user_b', 2, 4072, '2019-02-25 12:32:06', '2019-02-25 12:32:06');
INSERT INTO `user_option` VALUES ('user_b', 2, 4073, '2019-02-25 12:32:06', '2019-02-25 12:32:06');
INSERT INTO `user_option` VALUES ('user_b', 2, 4074, '2019-02-25 12:32:06', '2019-02-25 12:32:06');
INSERT INTO `user_option` VALUES ('user_b', 2, 4075, '2019-02-25 12:32:06', '2019-02-25 12:32:06');
INSERT INTO `user_option` VALUES ('user_b', 2, 4076, '2019-02-25 12:32:06', '2019-02-25 12:32:06');
INSERT INTO `user_option` VALUES ('user_c', 1, 3675, '2019-02-25 12:32:03', '2019-02-25 12:32:03');
INSERT INTO `user_option` VALUES ('user_c', 1, 3702, '2019-02-25 12:32:03', '2019-02-25 12:32:03');
INSERT INTO `user_option` VALUES ('user_c', 1, 3703, '2019-02-25 12:32:03', '2019-02-25 12:32:03');
INSERT INTO `user_option` VALUES ('user_c', 1, 3704, '2019-02-25 12:32:03', '2019-02-25 12:32:03');
INSERT INTO `user_option` VALUES ('user_c', 1, 3705, '2019-02-25 12:32:03', '2019-02-25 12:32:03');
INSERT INTO `user_option` VALUES ('user_c', 1, 3706, '2019-02-25 12:32:03', '2019-02-25 12:32:03');
INSERT INTO `user_option` VALUES ('user_c', 1, 3707, '2019-02-25 12:32:03', '2019-02-25 12:32:03');
INSERT INTO `user_option` VALUES ('user_c', 1, 3708, '2019-02-25 12:32:03', '2019-02-25 12:32:03');
INSERT INTO `user_option` VALUES ('user_c', 1, 3709, '2019-02-25 12:32:03', '2019-02-25 12:32:03');
INSERT INTO `user_option` VALUES ('user_c', 1, 3710, '2019-02-25 12:32:03', '2019-02-25 12:32:03');
INSERT INTO `user_option` VALUES ('user_c', 1, 3711, '2019-02-25 12:32:03', '2019-02-25 12:32:03');
INSERT INTO `user_option` VALUES ('user_c', 1, 3712, '2019-02-25 12:32:03', '2019-02-25 12:32:03');
INSERT INTO `user_option` VALUES ('user_c', 1, 3713, '2019-02-25 12:32:03', '2019-02-25 12:32:03');
INSERT INTO `user_option` VALUES ('user_c', 1, 3714, '2019-02-25 12:32:03', '2019-02-25 12:32:03');
INSERT INTO `user_option` VALUES ('user_c', 1, 3715, '2019-02-25 12:32:03', '2019-02-25 12:32:03');
INSERT INTO `user_option` VALUES ('user_c', 1, 3716, '2019-02-25 12:32:03', '2019-02-25 12:32:03');
INSERT INTO `user_option` VALUES ('user_c', 1, 3717, '2019-02-25 12:32:03', '2019-02-25 12:32:03');
INSERT INTO `user_option` VALUES ('user_c', 1, 3718, '2019-02-25 12:32:03', '2019-02-25 12:32:03');
INSERT INTO `user_option` VALUES ('user_c', 1, 3719, '2019-02-25 12:32:03', '2019-02-25 12:32:03');
INSERT INTO `user_option` VALUES ('user_c', 1, 3720, '2019-02-25 12:32:03', '2019-02-25 12:32:03');
INSERT INTO `user_option` VALUES ('user_c', 1, 3721, '2019-02-25 12:32:03', '2019-02-25 12:32:03');
INSERT INTO `user_option` VALUES ('user_c', 1, 3722, '2019-02-25 12:32:03', '2019-02-25 12:32:03');
INSERT INTO `user_option` VALUES ('user_c', 1, 3766, '2019-02-25 12:32:04', '2019-02-25 12:32:04');
INSERT INTO `user_option` VALUES ('user_c', 1, 3767, '2019-02-25 12:32:04', '2019-02-25 12:32:04');
INSERT INTO `user_option` VALUES ('user_c', 1, 3768, '2019-02-25 12:32:04', '2019-02-25 12:32:04');
INSERT INTO `user_option` VALUES ('user_c', 1, 3769, '2019-02-25 12:32:04', '2019-02-25 12:32:04');
INSERT INTO `user_option` VALUES ('user_c', 1, 3770, '2019-02-25 12:32:04', '2019-02-25 12:32:04');
INSERT INTO `user_option` VALUES ('user_c', 1, 3771, '2019-02-25 12:32:04', '2019-02-25 12:32:04');
INSERT INTO `user_option` VALUES ('user_c', 1, 3772, '2019-02-25 12:32:04', '2019-02-25 12:32:04');
INSERT INTO `user_option` VALUES ('user_c', 1, 3773, '2019-02-25 12:32:04', '2019-02-25 12:32:04');
INSERT INTO `user_option` VALUES ('user_c', 1, 3774, '2019-02-25 12:32:04', '2019-02-25 12:32:04');
INSERT INTO `user_option` VALUES ('user_c', 1, 3775, '2019-02-25 12:32:04', '2019-02-25 12:32:04');
INSERT INTO `user_option` VALUES ('user_c', 1, 3776, '2019-02-25 12:32:04', '2019-02-25 12:32:04');
INSERT INTO `user_option` VALUES ('user_c', 1, 3777, '2019-02-25 12:32:04', '2019-02-25 12:32:04');
INSERT INTO `user_option` VALUES ('user_c', 1, 3778, '2019-02-25 12:32:04', '2019-02-25 12:32:04');
INSERT INTO `user_option` VALUES ('user_c', 1, 3806, '2019-02-25 12:32:04', '2019-02-25 12:32:04');
INSERT INTO `user_option` VALUES ('user_c', 1, 3807, '2019-02-25 12:32:04', '2019-02-25 12:32:04');
INSERT INTO `user_option` VALUES ('user_c', 1, 3808, '2019-02-25 12:32:04', '2019-02-25 12:32:04');
INSERT INTO `user_option` VALUES ('user_c', 1, 3809, '2019-02-25 12:32:04', '2019-02-25 12:32:04');
INSERT INTO `user_option` VALUES ('user_c', 1, 3810, '2019-02-25 12:32:04', '2019-02-25 12:32:04');
INSERT INTO `user_option` VALUES ('user_c', 1, 3811, '2019-02-25 12:32:04', '2019-02-25 12:32:04');
INSERT INTO `user_option` VALUES ('user_c', 1, 3812, '2019-02-25 12:32:04', '2019-02-25 12:32:04');
INSERT INTO `user_option` VALUES ('user_c', 1, 3813, '2019-02-25 12:32:04', '2019-02-25 12:32:04');
INSERT INTO `user_option` VALUES ('user_c', 1, 3814, '2019-02-25 12:32:04', '2019-02-25 12:32:04');
INSERT INTO `user_option` VALUES ('user_c', 1, 3815, '2019-02-25 12:32:04', '2019-02-25 12:32:04');
INSERT INTO `user_option` VALUES ('user_c', 1, 3816, '2019-02-25 12:32:04', '2019-02-25 12:32:04');
INSERT INTO `user_option` VALUES ('user_c', 1, 3817, '2019-02-25 12:32:04', '2019-02-25 12:32:04');
INSERT INTO `user_option` VALUES ('user_c', 1, 3818, '2019-02-25 12:32:04', '2019-02-25 12:32:04');
INSERT INTO `user_option` VALUES ('user_c', 1, 3819, '2019-02-25 12:32:04', '2019-02-25 12:32:04');
INSERT INTO `user_option` VALUES ('user_c', 1, 3820, '2019-02-25 12:32:04', '2019-02-25 12:32:04');
INSERT INTO `user_option` VALUES ('user_c', 1, 3821, '2019-02-25 12:32:04', '2019-02-25 12:32:04');
INSERT INTO `user_option` VALUES ('user_c', 1, 3822, '2019-02-25 12:32:04', '2019-02-25 12:32:04');
INSERT INTO `user_option` VALUES ('user_c', 1, 3823, '2019-02-25 12:32:04', '2019-02-25 12:32:04');
INSERT INTO `user_option` VALUES ('user_c', 1, 3824, '2019-02-25 12:32:04', '2019-02-25 12:32:04');
INSERT INTO `user_option` VALUES ('user_c', 1, 3825, '2019-02-25 12:32:04', '2019-02-25 12:32:04');
INSERT INTO `user_option` VALUES ('user_c', 1, 3826, '2019-02-25 12:32:04', '2019-02-25 12:32:04');
INSERT INTO `user_option` VALUES ('user_c', 1, 3853, '2019-02-25 12:32:04', '2019-02-25 12:32:04');
INSERT INTO `user_option` VALUES ('user_c', 1, 3854, '2019-02-25 12:32:04', '2019-02-25 12:32:04');
INSERT INTO `user_option` VALUES ('user_c', 1, 3855, '2019-02-25 12:32:04', '2019-02-25 12:32:04');
INSERT INTO `user_option` VALUES ('user_c', 1, 3856, '2019-02-25 12:32:04', '2019-02-25 12:32:04');
INSERT INTO `user_option` VALUES ('user_c', 1, 3857, '2019-02-25 12:32:04', '2019-02-25 12:32:04');
INSERT INTO `user_option` VALUES ('user_c', 1, 3858, '2019-02-25 12:32:04', '2019-02-25 12:32:04');
INSERT INTO `user_option` VALUES ('user_c', 1, 3859, '2019-02-25 12:32:04', '2019-02-25 12:32:04');
INSERT INTO `user_option` VALUES ('user_c', 1, 3860, '2019-02-25 12:32:04', '2019-02-25 12:32:04');
INSERT INTO `user_option` VALUES ('user_c', 1, 3861, '2019-02-25 12:32:04', '2019-02-25 12:32:04');
INSERT INTO `user_option` VALUES ('user_c', 1, 3862, '2019-02-25 12:32:04', '2019-02-25 12:32:04');
INSERT INTO `user_option` VALUES ('user_c', 1, 3863, '2019-02-25 12:32:04', '2019-02-25 12:32:04');
INSERT INTO `user_option` VALUES ('user_c', 1, 3864, '2019-02-25 12:32:04', '2019-02-25 12:32:04');
INSERT INTO `user_option` VALUES ('user_c', 1, 3865, '2019-02-25 12:32:04', '2019-02-25 12:32:04');
INSERT INTO `user_option` VALUES ('user_c', 1, 3866, '2019-02-25 12:32:04', '2019-02-25 12:32:04');
INSERT INTO `user_option` VALUES ('user_c', 1, 3867, '2019-02-25 12:32:05', '2019-02-25 12:32:05');
INSERT INTO `user_option` VALUES ('user_c', 1, 3868, '2019-02-25 12:32:05', '2019-02-25 12:32:05');
INSERT INTO `user_option` VALUES ('user_c', 1, 3869, '2019-02-25 12:32:05', '2019-02-25 12:32:05');
INSERT INTO `user_option` VALUES ('user_c', 1, 3870, '2019-02-25 12:32:05', '2019-02-25 12:32:05');
INSERT INTO `user_option` VALUES ('user_c', 1, 3871, '2019-02-25 12:32:05', '2019-02-25 12:32:05');
INSERT INTO `user_option` VALUES ('user_c', 1, 3872, '2019-02-25 12:32:05', '2019-02-25 12:32:05');
INSERT INTO `user_option` VALUES ('user_c', 1, 3873, '2019-02-25 12:32:05', '2019-02-25 12:32:05');
INSERT INTO `user_option` VALUES ('user_c', 2, 3900, '2019-02-25 12:32:05', '2019-02-25 12:32:05');
INSERT INTO `user_option` VALUES ('user_c', 2, 3901, '2019-02-25 12:32:05', '2019-02-25 12:32:05');
INSERT INTO `user_option` VALUES ('user_c', 2, 3902, '2019-02-25 12:32:05', '2019-02-25 12:32:05');
INSERT INTO `user_option` VALUES ('user_c', 2, 3903, '2019-02-25 12:32:05', '2019-02-25 12:32:05');
INSERT INTO `user_option` VALUES ('user_c', 2, 3904, '2019-02-25 12:32:05', '2019-02-25 12:32:05');
INSERT INTO `user_option` VALUES ('user_c', 2, 3905, '2019-02-25 12:32:05', '2019-02-25 12:32:05');
INSERT INTO `user_option` VALUES ('user_c', 2, 3906, '2019-02-25 12:32:05', '2019-02-25 12:32:05');
INSERT INTO `user_option` VALUES ('user_c', 2, 3907, '2019-02-25 12:32:05', '2019-02-25 12:32:05');
INSERT INTO `user_option` VALUES ('user_c', 2, 3908, '2019-02-25 12:32:05', '2019-02-25 12:32:05');
INSERT INTO `user_option` VALUES ('user_c', 2, 3909, '2019-02-25 12:32:05', '2019-02-25 12:32:05');
INSERT INTO `user_option` VALUES ('user_c', 2, 3910, '2019-02-25 12:32:05', '2019-02-25 12:32:05');
INSERT INTO `user_option` VALUES ('user_c', 2, 3911, '2019-02-25 12:32:05', '2019-02-25 12:32:05');
INSERT INTO `user_option` VALUES ('user_c', 2, 3912, '2019-02-25 12:32:05', '2019-02-25 12:32:05');
INSERT INTO `user_option` VALUES ('user_c', 2, 3913, '2019-02-25 12:32:05', '2019-02-25 12:32:05');
INSERT INTO `user_option` VALUES ('user_c', 2, 3914, '2019-02-25 12:32:05', '2019-02-25 12:32:05');
INSERT INTO `user_option` VALUES ('user_c', 2, 3915, '2019-02-25 12:32:05', '2019-02-25 12:32:05');
INSERT INTO `user_option` VALUES ('user_c', 2, 3916, '2019-02-25 12:32:05', '2019-02-25 12:32:05');
INSERT INTO `user_option` VALUES ('user_c', 2, 3917, '2019-02-25 12:32:05', '2019-02-25 12:32:05');
INSERT INTO `user_option` VALUES ('user_c', 2, 3918, '2019-02-25 12:32:05', '2019-02-25 12:32:05');
INSERT INTO `user_option` VALUES ('user_c', 2, 3919, '2019-02-25 12:32:05', '2019-02-25 12:32:05');
INSERT INTO `user_option` VALUES ('user_c', 2, 3920, '2019-02-25 12:32:05', '2019-02-25 12:32:05');
INSERT INTO `user_option` VALUES ('user_c', 2, 3921, '2019-02-25 12:32:05', '2019-02-25 12:32:05');
INSERT INTO `user_option` VALUES ('user_c', 2, 3922, '2019-02-25 12:32:05', '2019-02-25 12:32:05');
INSERT INTO `user_option` VALUES ('user_c', 2, 3923, '2019-02-25 12:32:05', '2019-02-25 12:32:05');
INSERT INTO `user_option` VALUES ('user_c', 2, 3924, '2019-02-25 12:32:05', '2019-02-25 12:32:05');
INSERT INTO `user_option` VALUES ('user_c', 2, 3925, '2019-02-25 12:32:05', '2019-02-25 12:32:05');
INSERT INTO `user_option` VALUES ('user_c', 2, 3926, '2019-02-25 12:32:05', '2019-02-25 12:32:05');
INSERT INTO `user_option` VALUES ('user_c', 2, 3927, '2019-02-25 12:32:05', '2019-02-25 12:32:05');
INSERT INTO `user_option` VALUES ('user_c', 2, 3928, '2019-02-25 12:32:05', '2019-02-25 12:32:05');
INSERT INTO `user_option` VALUES ('user_c', 2, 3929, '2019-02-25 12:32:05', '2019-02-25 12:32:05');
INSERT INTO `user_option` VALUES ('user_c', 2, 3930, '2019-02-25 12:32:05', '2019-02-25 12:32:05');
INSERT INTO `user_option` VALUES ('user_c', 2, 3931, '2019-02-25 12:32:05', '2019-02-25 12:32:05');
INSERT INTO `user_option` VALUES ('user_c', 2, 3932, '2019-02-25 12:32:05', '2019-02-25 12:32:05');
INSERT INTO `user_option` VALUES ('user_c', 2, 3933, '2019-02-25 12:32:05', '2019-02-25 12:32:05');
INSERT INTO `user_option` VALUES ('user_c', 2, 3934, '2019-02-25 12:32:05', '2019-02-25 12:32:05');
INSERT INTO `user_option` VALUES ('user_c', 2, 3935, '2019-02-25 12:32:05', '2019-02-25 12:32:05');
INSERT INTO `user_option` VALUES ('user_c', 2, 3936, '2019-02-25 12:32:05', '2019-02-25 12:32:05');
INSERT INTO `user_option` VALUES ('user_c', 2, 3937, '2019-02-25 12:32:05', '2019-02-25 12:32:05');
INSERT INTO `user_option` VALUES ('user_c', 2, 3938, '2019-02-25 12:32:05', '2019-02-25 12:32:05');
INSERT INTO `user_option` VALUES ('user_c', 2, 3939, '2019-02-25 12:32:05', '2019-02-25 12:32:05');
INSERT INTO `user_option` VALUES ('user_c', 2, 3940, '2019-02-25 12:32:05', '2019-02-25 12:32:05');
INSERT INTO `user_option` VALUES ('user_c', 2, 3941, '2019-02-25 12:32:05', '2019-02-25 12:32:05');
INSERT INTO `user_option` VALUES ('user_c', 2, 3942, '2019-02-25 12:32:05', '2019-02-25 12:32:05');
INSERT INTO `user_option` VALUES ('user_c', 2, 3943, '2019-02-25 12:32:05', '2019-02-25 12:32:05');
INSERT INTO `user_option` VALUES ('user_c', 2, 3944, '2019-02-25 12:32:05', '2019-02-25 12:32:05');
INSERT INTO `user_option` VALUES ('user_c', 2, 3945, '2019-02-25 12:32:05', '2019-02-25 12:32:05');
INSERT INTO `user_option` VALUES ('user_c', 2, 3946, '2019-02-25 12:32:05', '2019-02-25 12:32:05');
INSERT INTO `user_option` VALUES ('user_c', 2, 3990, '2019-02-25 12:32:05', '2019-02-25 12:32:05');
INSERT INTO `user_option` VALUES ('user_c', 2, 3991, '2019-02-25 12:32:05', '2019-02-25 12:32:05');
INSERT INTO `user_option` VALUES ('user_c', 2, 3992, '2019-02-25 12:32:05', '2019-02-25 12:32:05');
INSERT INTO `user_option` VALUES ('user_c', 2, 3993, '2019-02-25 12:32:05', '2019-02-25 12:32:05');
INSERT INTO `user_option` VALUES ('user_c', 2, 3994, '2019-02-25 12:32:05', '2019-02-25 12:32:05');
INSERT INTO `user_option` VALUES ('user_c', 2, 3995, '2019-02-25 12:32:05', '2019-02-25 12:32:05');
INSERT INTO `user_option` VALUES ('user_c', 2, 3996, '2019-02-25 12:32:05', '2019-02-25 12:32:05');
INSERT INTO `user_option` VALUES ('user_c', 2, 3997, '2019-02-25 12:32:05', '2019-02-25 12:32:05');
INSERT INTO `user_option` VALUES ('user_c', 2, 3998, '2019-02-25 12:32:05', '2019-02-25 12:32:05');
INSERT INTO `user_option` VALUES ('user_c', 2, 3999, '2019-02-25 12:32:05', '2019-02-25 12:32:05');
INSERT INTO `user_option` VALUES ('user_c', 2, 4000, '2019-02-25 12:32:05', '2019-02-25 12:32:05');
INSERT INTO `user_option` VALUES ('user_c', 2, 4001, '2019-02-25 12:32:05', '2019-02-25 12:32:05');
INSERT INTO `user_option` VALUES ('user_c', 2, 4002, '2019-02-25 12:32:05', '2019-02-25 12:32:05');
INSERT INTO `user_option` VALUES ('user_c', 2, 4003, '2019-02-25 12:32:05', '2019-02-25 12:32:05');
INSERT INTO `user_option` VALUES ('user_c', 2, 4004, '2019-02-25 12:32:05', '2019-02-25 12:32:05');
INSERT INTO `user_option` VALUES ('user_c', 2, 4005, '2019-02-25 12:32:06', '2019-02-25 12:32:06');
INSERT INTO `user_option` VALUES ('user_c', 2, 4006, '2019-02-25 12:32:06', '2019-02-25 12:32:06');
INSERT INTO `user_option` VALUES ('user_c', 2, 4007, '2019-02-25 12:32:06', '2019-02-25 12:32:06');
INSERT INTO `user_option` VALUES ('user_c', 2, 4008, '2019-02-25 12:32:06', '2019-02-25 12:32:06');
INSERT INTO `user_option` VALUES ('user_c', 2, 4009, '2019-02-25 12:32:06', '2019-02-25 12:32:06');
INSERT INTO `user_option` VALUES ('user_c', 2, 4010, '2019-02-25 12:32:06', '2019-02-25 12:32:06');
INSERT INTO `user_option` VALUES ('user_c', 2, 4011, '2019-02-25 12:32:06', '2019-02-25 12:32:06');
INSERT INTO `user_option` VALUES ('user_c', 2, 4012, '2019-02-25 12:32:06', '2019-02-25 12:32:06');
INSERT INTO `user_option` VALUES ('user_c', 2, 4053, '2019-02-25 12:32:06', '2019-02-25 12:32:06');
INSERT INTO `user_option` VALUES ('user_c', 2, 4054, '2019-02-25 12:32:06', '2019-02-25 12:32:06');
INSERT INTO `user_option` VALUES ('user_c', 2, 4055, '2019-02-25 12:32:06', '2019-02-25 12:32:06');
INSERT INTO `user_option` VALUES ('user_c', 2, 4056, '2019-02-25 12:32:06', '2019-02-25 12:32:06');
INSERT INTO `user_option` VALUES ('user_c', 2, 4057, '2019-02-25 12:32:06', '2019-02-25 12:32:06');
INSERT INTO `user_option` VALUES ('user_c', 2, 4058, '2019-02-25 12:32:06', '2019-02-25 12:32:06');
INSERT INTO `user_option` VALUES ('user_c', 2, 4059, '2019-02-25 12:32:06', '2019-02-25 12:32:06');
INSERT INTO `user_option` VALUES ('user_c', 2, 4060, '2019-02-25 12:32:06', '2019-02-25 12:32:06');
INSERT INTO `user_option` VALUES ('user_c', 2, 4061, '2019-02-25 12:32:06', '2019-02-25 12:32:06');
INSERT INTO `user_option` VALUES ('user_c', 2, 4062, '2019-02-25 12:32:06', '2019-02-25 12:32:06');
INSERT INTO `user_option` VALUES ('user_c', 2, 4063, '2019-02-25 12:32:06', '2019-02-25 12:32:06');
INSERT INTO `user_option` VALUES ('user_c', 2, 4064, '2019-02-25 12:32:06', '2019-02-25 12:32:06');
INSERT INTO `user_option` VALUES ('user_c', 2, 4065, '2019-02-25 12:32:06', '2019-02-25 12:32:06');
INSERT INTO `user_option` VALUES ('user_c', 2, 4066, '2019-02-25 12:32:06', '2019-02-25 12:32:06');
INSERT INTO `user_option` VALUES ('user_c', 2, 4067, '2019-02-25 12:32:06', '2019-02-25 12:32:06');
INSERT INTO `user_option` VALUES ('user_c', 2, 4068, '2019-02-25 12:32:06', '2019-02-25 12:32:06');
INSERT INTO `user_option` VALUES ('user_c', 2, 4069, '2019-02-25 12:32:06', '2019-02-25 12:32:06');
INSERT INTO `user_option` VALUES ('user_c', 2, 4070, '2019-02-25 12:32:06', '2019-02-25 12:32:06');
INSERT INTO `user_option` VALUES ('user_c', 2, 4071, '2019-02-25 12:32:06', '2019-02-25 12:32:06');
INSERT INTO `user_option` VALUES ('user_c', 2, 4072, '2019-02-25 12:32:06', '2019-02-25 12:32:06');
INSERT INTO `user_option` VALUES ('user_c', 2, 4073, '2019-02-25 12:32:06', '2019-02-25 12:32:06');
INSERT INTO `user_option` VALUES ('user_c', 2, 4074, '2019-02-25 12:32:06', '2019-02-25 12:32:06');
INSERT INTO `user_option` VALUES ('user_c', 2, 4075, '2019-02-25 12:32:06', '2019-02-25 12:32:06');
INSERT INTO `user_option` VALUES ('user_c', 2, 4076, '2019-02-25 12:32:06', '2019-02-25 12:32:06');

-- ----------------------------
-- View structure for option_vote
-- ----------------------------
DROP VIEW IF EXISTS `option_vote`;
CREATE ALGORITHM = UNDEFINED SQL SECURITY DEFINER VIEW `option_vote` AS select `uo`.`topic_id` AS `topic_id`,`t`.`topic` AS `topic`,`uo`.`option_id` AS `option_id`,`o`.`option` AS `option`,`o`.`flag1` AS `flag1`,`o`.`flag2` AS `flag2`,`o`.`flag3` AS `flag3`,`o`.`flag4` AS `flag4`,count(0) AS `vote` from ((`user_option` `uo` join `topic` `t` on((`t`.`topic_id` = `uo`.`topic_id`))) join `option` `o` on((`o`.`option_id` = `uo`.`option_id`))) group by `uo`.`topic_id`,`uo`.`option_id`;

SET FOREIGN_KEY_CHECKS = 1;

END